-- phpMyAdmin SQL Dump
-- version 4.7.7
-- https://www.phpmyadmin.net/
--
-- Servidor: 127.0.0.1
-- Tiempo de generación: 08-09-2018 a las 21:06:55
-- Versión del servidor: 10.1.30-MariaDB
-- Versión de PHP: 7.2.2

SET SQL_MODE = "NO_AUTO_VALUE_ON_ZERO";
SET AUTOCOMMIT = 0;
START TRANSACTION;
SET time_zone = "+00:00";


/*!40101 SET @OLD_CHARACTER_SET_CLIENT=@@CHARACTER_SET_CLIENT */;
/*!40101 SET @OLD_CHARACTER_SET_RESULTS=@@CHARACTER_SET_RESULTS */;
/*!40101 SET @OLD_COLLATION_CONNECTION=@@COLLATION_CONNECTION */;
/*!40101 SET NAMES utf8mb4 */;

--
-- Base de datos: `tienda_cbb`
--

-- --------------------------------------------------------

--
-- Estructura de tabla para la tabla `categoria`
--

CREATE TABLE `categoria` (
  `idCategoria` int(11) NOT NULL,
  `nombre` varchar(255) DEFAULT NULL
) ENGINE=InnoDB DEFAULT CHARSET=utf8;

--
-- Volcado de datos para la tabla `categoria`
--

INSERT INTO `categoria` (`idCategoria`, `nombre`) VALUES
(1, 'Bebida'),
(2, 'Lacteo'),
(3, 'Postre'),
(4, 'Congelados'),
(5, 'Snack'),
(6, 'Caramelo'),
(7, 'Alimento'),
(8, 'Desechable'),
(9, 'Dulce');

-- --------------------------------------------------------

--
-- Estructura de tabla para la tabla `cliente`
--

CREATE TABLE `cliente` (
  `idCliente` int(11) NOT NULL,
  `nombre` varchar(255) DEFAULT NULL,
  `saldo` double DEFAULT NULL,
  `Grupo_idGrupo` int(11) NOT NULL,
  `qr` varchar(255) DEFAULT NULL,
  `foto` longblob,
  `tutor` varchar(255) DEFAULT NULL,
  `telefono` varchar(255) DEFAULT NULL,
  `correo` varchar(255) DEFAULT NULL,
  `vigencia` date NOT NULL,
  `limite` int(11) NOT NULL DEFAULT '0',
  `observaciones` text NOT NULL
) ENGINE=InnoDB DEFAULT CHARSET=utf8;

--
-- Volcado de datos para la tabla `cliente`
--

INSERT INTO `cliente` (`idCliente`, `nombre`, `saldo`, `Grupo_idGrupo`, `qr`, `foto`, `tutor`, `telefono`, `correo`, `vigencia`, `limite`, `observaciones`) VALUES
(1, 'PUBLICO EN GENERAL', 0, 30, NULL, NULL, NULL, NULL, NULL, '2018-12-31', 0, ''),
(318, 'SEBASTIAN SALAZAR NAVAS', 4, 12, 'BSTR_318_2018-12-31', NULL, '', '', 'angelica.navas@cbaltico.edu.mx', '2018-12-31', 0, ''),
(343, 'XIMENA ZARRABAL AQUINO', -196, 13, 'BSTR_343_2018-12-31', NULL, 'LIZETH AQUINO', '2291890810', 'lizaqui1@hotmail.com', '2018-12-31', -200, ''),
(527, 'ILEAN DENISSE QUINTANA MORALES', -252, 21, 'BSTR_527_2018-12-31', NULL, '', '', 'erika.morales@cbaltico.edu.mx', '2018-12-31', -850, ''),
(586, 'RAMIRO BASTAR GONZALEZ', -93, 30, 'http://BSTR_586_2019-6-30', NULL, 'SIN TUTOR', '2299005004', 'profesorbastar@hotmail.com', '2018-03-10', -300, ''),
(588, 'MARINA QUINTERO CRUZ', -25, 30, 'http://BSTR_588_2019-6-30', NULL, 'SIN TUTOR', '', 'marina.quintero@cbaltico.edu.mx', '2019-08-15', -100, ''),
(589, 'ELIZABETH CRUZ LAGUNES', -101, 30, 'http://BSTR_589_2019-6-30', NULL, 'SIN TUTOR', '', '', '2019-08-15', -200, ''),
(590, 'GABRIELA ESPINOSA DE LOS MONTEROS SOSA', -180, 30, 'http://BSTR_590_2019-6-30', NULL, 'SIN TUTOR', '', 'gabi.delosmonteros@cbaltico.edu.mx', '2019-08-15', -250, ''),
(591, 'ERIKA SAUVINET OCEGUERA', -34, 30, 'http://BSTR_591_2019-6-30', NULL, 'SIN TUTOR', '', '', '2019-08-15', -300, ''),
(592, 'HEIDY LUCIA SARMIENTO DURAN', -130, 30, 'http://BSTR_592_2019-6-30', NULL, 'SIN TUTOR', '', 'heidy.sarmiento@cbaltico.edu.mx', '2019-08-15', -350, ''),
(593, 'LAURA IWALANI GARCIA OSORIO', -40, 30, 'http://BSTR_593_2019-6-30', NULL, 'SIN TUTOR', '', 'lary.garciar@gmail.com', '2019-08-15', -250, ''),
(594, 'ERIKA MORALES MARQUEZ', -69, 30, 'http://BSTR_594_2019-6-30', NULL, 'SIN TUTOR', '', 'erika.morales@cbaltico.edu.mx', '2019-08-15', -500, ''),
(595, 'BERTHA LIZETH AQUINO MORALES', -112, 30, 'http://BSTR_595_2019-6-30', NULL, 'SIN TUTOR', '', 'lizaqui1@hotmail.com', '2019-08-15', -300, ''),
(596, 'BELINDA CARLIS MORA', -212, 30, 'http://BSTR_596_2019-6-30', NULL, 'SIN TUTOR', '', 'belindacarlin@hotmail.com', '2019-08-15', -380, ''),
(597, 'CLAUDIA LOPERENA JIMENEZ', -275, 30, 'http://BSTR_597_2019-6-30', NULL, 'SIN TUTOR', '', '', '2019-08-15', -300, ''),
(598, 'ELOISA VERGARA ARIAS', -209, 30, 'http://BSTR_598_2019-6-30', NULL, 'SIN TUTOR', '', '', '2019-08-15', -500, ''),
(599, 'ADRIAN KARIM PALAFOX HAKIM', -70, 30, 'http://BSTR_599_2019-6-30', NULL, 'SIN TUTOR', '', 'karim.palafox@gmail.com', '2019-08-15', -300, ''),
(600, 'SHANTAL AZAMAR VILLEGAS', 0, 30, 'http://BSTR_600_2019-6-30', NULL, 'SIN TUTOR', '', 'shantal.azamar@cbaltico.edu.mx', '2019-08-15', -300, ''),
(601, 'ROSSANA REGINA RAMIREZ MARTINEZ', -411, 30, 'http://BSTR_601_2019-6-30', NULL, 'SIN TUTOR', '', 'rossrama@hotmail.com', '2019-08-15', -500, ''),
(602, 'LEYVI LAURA LARA HERNANDEZ', -105, 30, 'http://BSTR_602_2019-6-30', NULL, 'SIN TUTOR', '', 'leyvi_19@outlook.com', '2019-08-15', -300, ''),
(603, 'MARIA ELIZABETH GUEVARA CORRALES', -27, 30, 'http://BSTR_603_2019-6-30', NULL, 'SIN TUTOR', '', '', '2019-08-15', -250, ''),
(604, 'LUZ AIDA HORTA FABIAN', -286, 30, 'http://BSTR_604_2019-6-30', NULL, 'SIN TUTOR', '', 'luz.horta@cbaltico.edu.mx', '2019-08-15', -400, ''),
(605, 'RAMIRO BASTAR ALATORRE', -76, 30, 'http://BSTR_605_2019-6-30', NULL, 'SIN TUTOR', '', 'ramiro.bastar@outlook.com', '2019-08-15', -450, ''),
(606, 'ELIAS WAZEN QUEZADA', -16, 22, 'http://BSTR_606_2019-6-30', NULL, 'LESLIE QUEZADA PEREZ', '', 'LESCA2@HOTMAIL.COM', '2019-08-15', -250, ' '),
(607, 'LESLIE WAZEN QUEZADA', 89, 23, 'http://BSTR_607_2019-6-30', NULL, 'LESLIE QUEZADA PEREZ', '', 'LESCA2@HOTMAIL.COM', '2019-08-15', -250, ' '),
(608, 'EMMA RODRIGUEZ VILA', -6, 14, 'http://BSTR_608_2019-6-30', NULL, 'marisol vila ', '2299293906', 'marvba@hotmail.com', '2019-08-15', -300, ' '),
(609, 'GABRIEL VALLE MIRANDA', 169, 18, 'http://BSTR_609_2019-6-30', NULL, 'ROCIO MIRANDA LOPEZ', '', '', '2019-08-15', -500, ' '),
(610, 'INGRID YEPEZ VICENTE ', 78, 20, 'http://BSTR_610_2019-6-30', NULL, 'MIRIAM VICENTE RODRIGUEZ', '', 'MIRIAM14141@HOTMAIL.COM', '2019-08-15', -50, ' '),
(611, 'HANNAH Z. CANO ROBLES', 332, 19, 'http://BSTR_611_2019-6-30', NULL, 'MIRNA ROBLES', '', 'mroblesjarquin@gmail.com', '2019-08-15', 0, ' '),
(612, 'VANYA CANO ROBLES', 139, 23, 'http://BSTR_612_2019-6-30', NULL, 'MIRNA ROBLES', '', 'mroblesjarquin@gmail.com', '2019-08-15', -100, ' '),
(613, 'BEMYARMIN ALEXANDRO DUARTE ALVAREZ', 40, 20, 'http://BSTR_613_2019-6-30', NULL, 'MARYURYS CAROLINA ALVAREZ PEREIRA', '', 'caro_bem@hotmail.com', '2019-08-15', -900, ' '),
(614, 'KEVIN DUARTE ALVAREZ', 0, 32, 'http://BSTR_614_2019-6-30', NULL, 'MARYURYS CAROLINA ALVAREZ PEREIRA', '', 'caro_bem@hotmail.com', '2019-08-15', -900, ' '),
(615, 'ISABELA NORIEGA FERRER', 114, 12, 'http://BSTR_615_2019-6-30', NULL, 'KARLA FERRER', '2223284047', 'bernardeet72@hotmail.com', '2019-08-15', 0, ' '),
(616, 'FATIMA NORIEGA FERRER', 40, 3, 'http://BSTR_616_2019-6-30', NULL, 'KARLA FERRER', '2223284047', 'bernardeet72@hotmail.com', '2019-08-15', 0, ' '),
(617, 'SEBASTIAN JIRAM ALEMAN MARISCAL', 63, 3, 'http://BSTR_617_2019-6-30', NULL, 'LIBERTAD MARISCAL MOLINA', '', 'libe.mariscal@gmail.com', '2019-08-15', -300, ' '),
(618, 'SANTIAGO NORIEGA FERRER', 67, 18, 'http://BSTR_618_2019-6-30', NULL, 'KARLA FERRER', '2223284047', 'bernardeet72@hotmail.com', '2019-08-15', 0, ' '),
(619, 'VICTORIA DELGADO GONZALEZ', -63, 16, 'http://BSTR_619_2019-6-30', NULL, 'EVELYN GONZALEZ CONSTANTINO', '9615791844', 'evelyngonzalezc@gmail.com', '2019-08-15', -150, ' '),
(620, 'MATTEO DELGADO GONZALEZ', 0, 5, 'http://BSTR_620_2019-6-30', NULL, 'EVELYN GONZALEZ CONSTANTINO', '9615791844', 'evelyngonzalezc@gmail.com', '2019-08-15', -100, ' '),
(621, 'CARLOS AGAUSTIN REYES ROJAS', 48, 21, 'http://BSTR_621_2019-6-30', NULL, 'CARLOS ALBERTO REYES GUTIERREZ', '', 'carareygut373@gmail.com', '2019-08-15', -900, ' '),
(622, 'IRMA BETZABE VARELA BELLOT', -27, 20, 'http://BSTR_622_2019-6-30', NULL, 'IRMA BETZABE BELLOT GARCIA', '2292934832', 'betzabebellot@aol.com', '2019-08-15', -900, ' '),
(623, 'JUAN PABLO GARCIA HERRERA', 52, 19, 'http://BSTR_623_2019-6-30', NULL, 'LETICIA HERRERA LOPEZ', '5529004001', 'lechicia@yahoo.com.mx', '2019-08-15', 0, ' '),
(624, 'VANESSA GONZALEZ ELIZUNDIA', 44, 21, 'http://BSTR_624_2019-6-30', NULL, 'MONSERRAT ELIZUNDIA', '', 'elizundia1973@yahoo.com.mx', '2019-08-15', 0, ' '),
(625, 'NANCY GONZALEZ ELIZUNDIA', 53, 12, 'http://BSTR_625_2019-6-30', NULL, 'MONSERRAT ELIZUNDIA', '', 'elizundia1973@yahoo.com.mx', '2019-08-15', 0, ' '),
(626, 'ANA PAULA MORALES RODRIGUEZ', 0, 21, 'http://BSTR_626_2019-6-30', NULL, 'MARIANA RODRIGUEZ PENA', '2291543184', 'marianarp2010@hotmail.com', '2019-08-15', -300, ' '),
(627, 'FRANCISCO JAVIER BELTRAN RAMIREZ', 10, 6, 'http://BSTR_627_2019-6-30', NULL, 'BIBIANA RAMIREZ', '5543235219', 'paradise.gladis@yahoo.com', '2019-08-15', 0, ' '),
(628, 'EMILIO CUENCA ARIAS', 740, 2, 'http://BSTR_628_2019-6-30', NULL, 'CLARA ARIAS PANIAGUA', '2292659039', 'arias_clara@hotmail.com', '2019-08-15', -500, ' '),
(629, 'ARMANDO PINEYRO CASTILLO', 0, 21, 'http://BSTR_629_2019-6-30', NULL, 'ADRIANA I. CASTILLO ORTIZ', '', '', '2019-08-15', -900, ' '),
(630, 'ANDRES PINEIRO CASTILLO', -24, 16, 'http://BSTR_630_2019-6-30', NULL, 'ADRIANA I. CASTILLO ORTIZ', '', '', '2019-08-15', -900, ' '),
(631, 'ALONSO PINEYRO CASTILLO', -14, 17, 'http://BSTR_631_2019-6-30', NULL, 'ADRIANA I. CASTILLO ORTIZ', '', '', '2019-08-15', -900, ' '),
(632, 'SOFIA RODRIGUEZ HERNANDEZ', -68, 21, 'http://BSTR_632_2019-6-30', NULL, 'THALIA HERNANDEZ GRAJALES', '2299015134', 'staliahg@hotmail.com', '2019-08-15', -100, ' '),
(633, 'RENATA RODRIGUEZ HERNANDEZ', -6, 14, 'http://BSTR_633_2019-6-30', NULL, 'THALIA HERNANDEZ GRAJALES', '2299015134', 'staliahg@hotmail.com', '2019-08-15', -150, ' '),
(634, 'CAMILA RUBI RUIZ', 151, 20, 'http://BSTR_634_2019-6-30', NULL, 'GABRIEL RUIZ', '2283042182', 'ruiz.g@live.com', '2019-08-15', 0, ' '),
(635, 'LUCAS GABRIEL RUIZ', 201, 3, 'http://BSTR_635_2019-6-30', NULL, 'GABRIEL RUIZ', '2283042182', 'ruiz.g@live.com', '2019-08-15', 0, ' '),
(636, 'DIEGO ORTIZ GUTIERREZ', 120, 18, 'http://BSTR_636_2019-6-30', NULL, 'GLORIA GUTIERREZ', '22914373028', 'gloriagtz79@hotmail.com', '2019-08-15', 0, ' '),
(637, 'CAMILA ORTIZ GUTIERREZ', 46, 12, 'http://BSTR_637_2019-6-30', NULL, 'GLORIA GUTIERREZ', '22914373028', 'gloriagtz79@hotmail.com', '2019-08-15', 0, ' '),
(638, 'ARTURO GOMEZ CASSANI', 179, 16, 'http://BSTR_638_2019-6-30', NULL, 'ANGELICA CASSANI', '2292666626', 'angelica712003@hotmail.com', '2019-08-15', -300, ' '),
(639, 'ROMINA MENDEZ ALE', -76, 16, 'http://BSTR_639_2019-6-30', NULL, 'HILDA ALE VALDEZ', '2291995361', 'hildi80@hotmail.com', '2019-08-15', -300, ' '),
(640, 'CAMILA JUAREZ GAXIOLA', 90, 20, 'http://BSTR_640_2019-6-30', NULL, 'MONICA GAXIOLA QUINTERO', '5566763095', 'gaxiola_mok@hotmail.com', '2019-08-15', 0, ' '),
(641, 'JOSE ANTONIO DURAN RENDON', -219, 17, 'http://BSTR_641_2019-6-30', NULL, 'LAURA ALICIA RENDON CRUZ', '', 'dra.laurarc@gmail.com', '2019-08-15', -300, ' '),
(642, 'LUIS ANGEL CAMARA SUBIZAR', -60, 2, 'http://BSTR_642_2019-6-30', NULL, 'ARELI SUBIZAR RAMON', '', 'subizareli@hotmail.com', '2019-08-15', -300, ' '),
(643, 'MATEO CAMARA SUBIZAR', 40, 8, 'http://BSTR_643_2019-6-30', NULL, 'ARELI SUBIZAR RAMON', '', 'subizareli@hotmail.com', '2019-08-15', -300, ' '),
(644, 'ALFONSO ALE GALICIA', -60, 5, 'http://BSTR_644_2019-6-30', NULL, 'KEREN GALICIA VIRVES', '', 'keren_galicia@hotmail.com', '2019-08-15', -150, ' '),
(645, 'ANA SOFIA GALICIA VIRVES', 0, 7, 'http://BSTR_645_2019-6-30', NULL, 'KEREN GALICIA VIRVES', '', 'keren_galicia@hotmail.com', '2019-08-15', -150, ' '),
(646, 'EMILIO MARTINEZ HORTA', 0, 20, 'http://BSTR_646_2019-6-30', NULL, 'LUZ AIDA HORTA FABIAN', '', 'luz.horta@cbaltico.edu.mx', '2019-08-15', -300, ' '),
(647, 'MATEO MARTINEZ HORTA', 0, 13, 'http://BSTR_647_2019-6-30', NULL, 'LUZ AIDA HORTA FABIAN', '', 'luz.horta@cbaltico.edu.mx', '2019-08-15', -200, ' '),
(648, 'JORGE QUINTANA MORALES', -274, 10, 'http://BSTR_648_2019-6-30', NULL, 'ERIKA MORALES MARQUEZ', '', 'erika.morales@cbaltico.edu.mx', '2019-08-15', -550, ' '),
(649, 'IAN SAID QUINTANA MORALES', -286, 16, 'http://BSTR_649_2019-6-30', NULL, 'ERIKA MORALES MARQUEZ', '', 'erika.morales@cbaltico.edu.mx', '2019-08-15', -450, ' '),
(650, 'VALERIA ZARRABAL AQUINO', -83, 19, 'http://BSTR_650_2019-6-30', NULL, 'LIZETH AQUINO MORALES', '', 'lizaqui1@hotmail.com', '2019-08-15', -200, ' prohibido chococrem'),
(651, 'MIRANDA SAAVEDRA RAMIREZ', -472, 20, 'http://BSTR_651_2019-6-30', NULL, 'ROSSANA REGINA RAMIREZ MARTINEZ', '', 'rossrama@hotmail.com', '2019-08-15', -500, ' '),
(652, 'JOSE RAMON TRUJILLO AZAMAR', 0, 5, 'http://BSTR_652_2019-6-30', NULL, 'SHANTAL AZAMAR VILLEGAS', '', '', '2019-08-15', -200, ' '),
(653, 'SOFIA ISABELA VALENCIA DIAZ', 83, 14, 'http://BSTR_653_2019-6-30', NULL, 'CARMEN DIAZ ARDILA', '2292852089', 'carludiaz@gmail.com', '2019-08-15', 0, ' '),
(654, 'NATALIA VALENCIA DIAZ', 96, 9, 'http://BSTR_654_2019-6-30', NULL, 'CARMEN DIAZ ARDILA', '2292852089', 'carludiaz@gmail.com', '2019-08-15', 0, ' '),
(655, 'RODRIGO GALLAND AUBRY', -72, 23, 'http://BSTR_655_2019-6-30', NULL, 'ILEANA AUBRY GONZALEZ', '', 'ileaubry@hotmail.com', '2019-08-15', -200, ' '),
(656, 'SANTIAGO GALLAND AUBRY', -20, 22, 'http://BSTR_656_2019-6-30', NULL, 'ILEANA AUBRY GONZALEZ', '', 'ileaubry@hotmail.com', '2019-08-15', -150, ' '),
(657, 'MARCELO VILLANUEVA LOZANO', 84, 17, 'http://BSTR_657_2019-6-30', NULL, 'ANA LAURA LOZANO P', '8115314414', 'anylozano@hotmail.com', '2019-08-15', 0, ' '),
(658, 'MIGUEL ANGEL CHAVEZ HERRERA', 0, 22, 'http://BSTR_658_2019-6-30', NULL, 'CORAL HERRERA CRUZ', '4448038824', 'coryherre@hotmail.com', '2019-08-15', -300, ' '),
(659, 'MARIA FERNANDA CHAVEZ HERRERA', -12, 14, 'http://BSTR_659_2019-6-30', NULL, 'CORAL HERRERA CRUZ', '4448038824', 'coryherre@hotmail.com', '2019-08-15', -300, ' '),
(660, 'MONICA MURILLO LEZA', 45, 23, 'http://BSTR_660_2019-6-30', NULL, 'LILIAN LEZA', '2299055619', 'lilianlezamontaudan@live.com.mx', '2019-08-15', -100, ' '),
(661, 'VALENTINA HERNANDEZ CASTRO', -180, 15, 'http://BSTR_661_2019-6-30', NULL, 'MONICA CASTRO PALACIOS', '2292664946', 'monicacp86@gmail.com', '2019-08-15', -200, ' '),
(662, 'ISABELA HERNANDEZ CASTRO', -18, 8, 'http://BSTR_662_2019-6-30', NULL, 'MONICA CASTRO PALACIOS', '2292664946', 'monicacp86@gmail.com', '2019-08-15', -200, ' '),
(663, 'MATTEO TREVINO DELGADO', 100, 13, 'http://BSTR_663_2019-6-30', NULL, 'CINTHIA DELGADO GONZALEZ', '2293300552', 'cinthiadelgado.1@gmail.com', '2019-08-15', 0, ' '),
(664, 'ALBERTO GOMEZ CASSANI', 155, 21, 'http://BSTR_664_2019-6-30', NULL, 'ANGELICA CASSANI', '2292666626', 'angelica712003@hotmail.com', '2019-08-15', -300, ' '),
(665, 'SANTIAGO ALEJANDRO LIRA CUEVAS', 136, 21, 'http://BSTR_665_2019-6-30', NULL, 'SIN TUTOR', '2291542738', 'icuevas@msn.com', '2019-08-15', 0, ' '),
(666, 'RODRIGO HERNANDEZ MARQUEZ', -66, 21, 'http://BSTR_666_2019-6-30', NULL, 'SIN TUTOR', '', '', '2019-08-15', -200, ' '),
(667, 'FELIX EDUARDO REYES RIVERA', -300, 7, 'http://BSTR_667_2019-6-30', NULL, 'ROSALIA RIVERA', '2291320758', 'reyesfelix01@hotmail.com', '2019-08-15', -300, ' '),
(668, 'NATALIA NARVAEZ PERERA', 43, 21, 'http://BSTR_668_2019-6-30', NULL, 'MARIA LUISA PERERA', '1993160947', 'aitana32@hotmail.com', '2019-08-15', -300, ' '),
(669, 'MAURICIO NARVAEZ PERERA', -217, 19, 'http://BSTR_669_2019-6-30', NULL, 'MARIA LUISA PERERA', '1993160947', 'aitana32@hotmail.com', '2019-08-15', -300, ' '),
(670, 'ANA CAROLINA VILLANUEVA LOZANO', 83, 9, 'http://BSTR_670_2019-6-30', NULL, 'ANA LAURA LOZANO P', '8115314414', 'anylozano@hotmail.com', '2019-08-15', 0, ' '),
(671, 'MELISSA MEDEL DIAZ', 150, 31, 'http://BSTR_671_2019-6-30', NULL, 'PATRICIA DIAZ FRANCO', '2294223351', 'snoppy_diaz@hotmail.com', '2019-08-15', -150, ' '),
(672, 'EDUARDO TRUEBA VERDUZCO', 40, 32, 'http://BSTR_672_2019-6-30', NULL, 'MARISOL VERDUZCO ZAMBRANO', '2291269818', 'mariysol@gmail.com', '2019-08-15', -100, ' '),
(673, 'MATEO HINOJOSA HERRERA', 270, 31, 'http://BSTR_673_2019-6-30', NULL, 'JAZHEEL HERRERA SAN ROMAN', '', 'jazheelh@hotmail.com', '2019-08-15', -600, ' '),
(674, 'JOSE EMILIO RIOS RAMIREZ', 131, 13, 'http://BSTR_674_2019-6-30', NULL, 'CLAUDIA RAMIREZ GONZALEZ', '', 'ramirez23c@hotmail.com', '2019-08-15', -600, 'DESAYUNO'),
(675, 'JOSE ANTONIO HADDAD RAMIREZ', 270, 31, 'http://BSTR_675_2019-6-30', NULL, 'CLAUDIA RAMIREZ GONZALEZ', '', 'ramirez23c@hotmail.com', '2019-08-15', -600, 'DESAYUNO'),
(677, 'ANGELICA NAVAS GALINDO', -44, 30, 'http://BSTR_677_2019-6-30', NULL, 'SIN TUTOR', '', 'angelica.navas@cbaltico.edu.mx ', '2019-08-15', -200, ''),
(678, 'INES MELISSA MU?OZ SANCHEZ', 91, 21, 'http://BSTR_678_2019-6-30', NULL, 'KARLA SANCHEZ', '2293386479', 'kaly_06@hotmail.com', '2019-08-15', -100, ' '),
(679, 'MANUEL CABALLERO TIBURCIO', 17, 18, 'http://BSTR_679_2019-6-30', NULL, 'CLAUDIA TIBURCIO DOMINGO', '5548553467', 'clautid@hotmail.com', '2019-08-15', 0, ' '),
(680, 'DANIELA ABDALA CABALLERO', 70, 14, 'http://BSTR_680_2019-6-30', NULL, 'OSCAR ABDALA DELGADO', '9991346001', 'icaballero28@hotmail.com', '2019-08-15', 0, ' '),
(681, 'EMILIO DORAME DOMINGUEZ', -5, 20, 'http://BSTR_681_2019-6-30', NULL, 'LINA DOMINGUEZ', '2291611213', 'naturalcook@hotmail.com', '2019-08-15', -300, ''),
(682, 'PAOLA ORTIZ VAZQUEZ', -127, 30, 'http://BSTR_682_2019-6-30', NULL, 'SIN TUTOR', '', '', '2019-08-15', -400, ' '),
(683, 'YASMIT CRUZ FENTANES', -124, 30, 'http://BSTR_683_2019-6-30', NULL, 'SIN TUTOR', '', '', '2019-08-15', -300, ''),
(684, 'YERICK GABRIEL SALAZAR GARCIA', 180, 17, 'http://BSTR_684_2019-6-30', NULL, 'YENNEDIT GARCIA RAMIREZ', '2291639560', 'gy.garcia8@gmail.com', '2019-08-15', -200, ' '),
(685, 'MARCO EMILIANO MARTINEZ IBARRA', 30, 15, 'http://BSTR_685_2019-6-30', NULL, 'CLAUDIA C IBARRA SILVA', '2299840489', 'ojm1230@hotmail.com', '2019-08-15', 0, ' '),
(686, 'ESTEFANIA CONDE VILLEGAS', -30, 30, 'http://BSTR_686_2019-6-30', NULL, 'SIN TUTOR', '2961006460', 'fannyconde29@gmail.com', '2019-08-15', -400, ' '),
(687, 'BRENDA POLETTE MORALES CRUZ', -14, 30, 'http://BSTR_687_2019-6-30', NULL, 'SIN TUTOR', '2293060506', 'pool_mo26@hotmail.com', '2019-08-15', -300, ''),
(688, 'MARIANA RUBI ROSADO IBARRA', 11, 22, 'http://BSTR_688_2019-6-30', NULL, 'PERLA RUBI IBARRA', '2291402407', 'perlarubi18@hotmail.com', '2019-08-15', 0, ' '),
(689, 'FERNANDO HAZAS HAAZ', 0, 16, 'http://BSTR_689_2019-6-30', NULL, 'BELEN HAAZ DIEZ', '2721031045', 'belenhaaz@hotmail.com', '2019-08-15', -150, ' '),
(690, 'MARIA JOSE HAZAS HAAZ', -52, 19, 'http://BSTR_690_2019-6-30', NULL, 'BELEN HAAZ DIEZ', '2721031045', 'belenhaaz@hotmail.com', '2019-08-15', -350, ' '),
(691, 'GUSTAVO HERNANDEZ MORA', -196, 21, 'http://BSTR_691_2019-6-30', NULL, 'CRISTINA MORA', '5343511171', 'moar73@hotmail.com', '2019-08-15', -200, ' '),
(692, 'JULIAN EDUARDO ESTRADA TAPIA', 12, 20, 'http://BSTR_692_2019-6-30', NULL, 'GUADALUPE TAPIA HERNANDEZ', '2293569852', 'iielupita@hotmail.com', '2019-08-15', -200, ' '),
(693, 'ALEJANDRO ESTRADA TAPIA', 80, 13, 'http://BSTR_693_2019-6-30', NULL, 'GUADALUPE TAPIA HERNANDEZ', '2293569852', 'iielupita@hotmail.com', '2019-08-15', -200, ' '),
(694, 'VICTORIA PEDRERO GARCIA', 70, 33, 'http://BSTR_694_2019-6-30', NULL, 'MIRSHA GARCIA', '2721547155', 'ahsrim@hotmail.com', '2019-08-15', 0, ' '),
(695, 'JOSEAN PEDRERO GARCIA', -8, 13, 'http://BSTR_695_2019-6-30', NULL, 'MIRSHA GARCIA', '2721547155', 'ahsrim@hotmail.com', '2019-08-15', -150, ' '),
(696, 'ISABELLE VIEIRA', -202, 21, 'http://BSTR_696_2019-6-30', NULL, 'NATALIA VIEIRA', '2292508519', 'nataliascarpellini@hotmail.com', '2019-08-15', -250, ' '),
(697, 'DANA OLMOS MORALES', -22, 23, 'http://BSTR_697_2019-6-30', NULL, 'SARA MORALES LUGO', '2292657304', 'smoraleslugo@gmail.com', '2019-08-15', -200, ' '),
(698, 'CARLOS OLMOS MORALES', -32, 22, 'http://BSTR_698_2019-6-30', NULL, 'SARA MORALES LUGO', '2292657304', 'smoraleslugo@gmail.com', '2019-08-15', -200, ''),
(699, 'MAFER GONZALEZ VAZQUEZ', -123, 20, 'http://BSTR_699_2019-6-30', NULL, 'GABRIELA VAZQUEZ', '2291425896', 'gvgamallo@hotmail.com', '2019-08-15', -200, ''),
(700, 'ZUBIRY MALPICA PALMA', 0, 3, 'http://BSTR_700_2019-6-30', NULL, 'MONSERRAT PALMA', '2741061831', 'monypalma06@hotmail.com', '2019-08-15', -200, ''),
(701, 'EIZA MALPICA PALMA', 0, 2, 'http://BSTR_701_2019-6-30', NULL, 'MONSERRAT PALMA', '2741061831', 'monypalma06@hotmail.com', '2019-08-15', -200, ''),
(702, 'IKER OROZCO MEMBRE?O', 144, 23, 'http://BSTR_702_2019-6-30', NULL, 'OLIMPIA MEMBRENO', '2741061831', 'mpia@hotmail.com', '2019-08-15', 0, ' '),
(703, 'MATIA EDUARDO RANGEL RAMON', 30, 9, 'http://BSTR_703_2019-6-30', NULL, 'MARCELA RAMON HERNANDEZ', '2297716759', 'marcela.ramon@decasagpo.com', '2019-08-15', -300, ' '),
(704, 'MARIANA DOMINGUEZ GARCIA', 249, 15, 'http://BSTR_704_2019-6-30', NULL, 'MARIANA GARCIA', '5541354232', 'emga19@gmail.com', '2019-08-15', 0, ' '),
(705, 'MARCELA GARCIA REYES', 240, 3, 'http://BSTR_705_2019-6-30', NULL, 'MARGARITA REYES', '2291687488', 'carsamo605@hotmail.com', '2019-08-15', 0, ' '),
(706, 'MARIA GONZALEZ PANIAGUA', 100, 31, 'http://BSTR_706_2019-6-30', NULL, 'JIMENA PANIAGUA', '5522429953', '', '2019-08-15', 0, ' '),
(707, 'MARIA JOSE SAPIEN HERRERA', 0, 14, 'http://BSTR_707_2019-6-30', NULL, 'FERNANDA HERRERA ', '2299537343', 'ferihloz76@hotmail.com', '2019-08-15', -100, 'SOLO COMIDAS, OTRA COSA PREVIA AUTORIZACION'),
(708, 'BRUNO GROHMANN BARAJAS ', 400, 15, 'http://BSTR_708_2019-6-30', NULL, 'MARISOL BARAJAS CRUZ', '7831129159', 'solbc@hotmail.com', '2019-08-15', 0, ' '),
(709, 'HUGO ANDRE GROHMANN BARAJAS ', 400, 9, 'http://BSTR_709_2019-6-30', NULL, 'MARISOL BARAJAS CRUZ', '7831129159', 'solbc@hotmail.com', '2019-08-15', 0, ' '),
(710, 'XIMENA PIRIZ GONZALEZ', 200, 31, 'http://BSTR_710_2019-6-30', NULL, 'MARTHA GONZALEZ', '2291351385', 'tirado88@hotmail.com', '2019-08-15', 0, ' '),
(711, 'FRIDA ROSSETE MORENO', 60, 8, 'http://BSTR_711_2019-6-30', NULL, 'IRIS MORENO', '2292057794', 'iris.moreno.reyes@gmail.com', '2019-08-15', 0, ' '),
(712, 'NATALIA PIRIZ GONZALEZ', 96, 8, 'http://BSTR_712_2019-6-30', NULL, 'MARTHA GONZALEZ', '2291351385', 'tirado88@hotmail.com', '2019-08-15', 0, ' '),
(713, 'MARIA CELESTE AHUET ZANATTA', 111, 16, 'http://BSTR_713_2019-6-30', NULL, 'CELESTE ZANATTA LAGUNES', '2918708128', 'CELESTE.ZL@HOTMAIL.COM', '2019-08-15', 0, ' '),
(714, 'ALLISON WILSON SALGADO', -30, 14, 'http://BSTR_714_2019-6-30', NULL, 'LIZBETH SALGADO ', '7731337109', 'salgadodewilson@yahoo.com.mx', '2019-08-15', -100, 'SOLO PARA COMIDAS, SNACK / HELADOS SOLO CUANDO PREVIA AUTORIZACION'),
(715, 'MACARENA MORALES ROSAS', 91, 15, 'http://BSTR_715_2019-6-30', NULL, 'BRENDA ROSAS', '2299011123', 'brenda.rosasm@gmail.com', '2019-08-15', -300, ' '),
(716, 'LARA ALVAREZ GUTIERREZ ', 0, 2, 'http://BSTR_716_2019-6-30', NULL, '', '', '', '2019-08-15', -250, ' '),
(717, 'FERNANDO PADILLA BALLESTER', 409, 12, 'http://BSTR_717_2019-6-30', NULL, 'BEGONA BALLESTER DIEZ', '5579014982', 'begobd@live.com', '2019-08-15', -250, ' '),
(718, 'TRIANA PADILLA BALLESTER', 557, 18, 'http://BSTR_718_2019-6-30', NULL, 'BEGONA BALLESTER DIEZ', '5579014982', 'begobd@live.com', '2019-08-15', -250, ' '),
(719, 'AMANDA PADILLA BALLESTER', 582, 23, 'http://BSTR_719_2019-6-30', NULL, 'BEGONA BALLESTER DIEZ', '5579014982', 'begobd@live.com', '2019-08-15', -250, ' '),
(720, 'MARIA INES BRETON GUTIERREZ', 71, 19, 'http://BSTR_720_2019-6-30', NULL, 'BRENDA VERONICA', '', '', '2019-08-15', 0, ''),
(721, 'PAULINA JIMENEZ MOYA', 370, 17, 'http://BSTR_721_2019-6-30', NULL, 'CLAUDIA MOYA', '2299840310', 'CCMM9@YAHOO.COM.MX', '2019-08-15', 0, 'SOLO PARA COMIDAS TARDE'),
(722, 'ANGELA REBECA HERNANDEZ RUEDA', -10, 12, 'http://BSTR_722_2019-6-30', NULL, 'NORMA HERRERA', '', 'nrueda_16@hotmail.com', '2019-08-15', -300, ' '),
(723, 'CLARISSA ALIZZE HERNANDEZ RUEDA', 0, 8, 'http://BSTR_723_2019-6-30', NULL, 'NORMA HERRERA', '', 'nrueda_16@hotmail.com', '2019-08-15', -300, ' '),
(724, 'CONSTANZA OLEA ALONSO', 120, 18, 'http://BSTR_724_2019-6-30', NULL, 'ROSALINDA ALONSO', '4621926218', 'ROSS_LINE@YAHOO.COM.MX', '2019-08-15', 0, ' '),
(725, 'MARIA ANDREA CANTU VALENZUELA', 104, 17, 'http://BSTR_725_2019-6-30', NULL, 'DANIELA VALENZUELA', '667228043', 'DANIELADECANTU@GMAIL.COM', '2019-08-15', 0, ' '),
(726, 'CHRISTIAN ADAN FLORES VELAZQUEZ', 0, 1, 'http://BSTR_726_2019-6-30', NULL, 'JUDITH VELAZQUEZ', '2293316523', 'SILVIAJUDITH@HOTMAIL.COM', '2019-08-15', -300, ' '),
(727, 'MICHELL FLORES VELAZQUEZ', 0, 12, 'http://BSTR_727_2019-6-30', NULL, 'JUDITH VELAZQUEZ', '2293316523', 'SILVIAJUDITH@HOTMAIL.COM', '2019-08-15', -300, ' '),
(728, 'ANA SOFIA MEZA VAZQUEZ', 0, 7, 'http://BSTR_728_2019-6-30', NULL, 'ISAIAS MEZA', '2299533422', 'ISAIASMEZACE@GMAIL.COM', '2019-08-15', -500, ' '),
(729, 'NATALIA JIMENEZ MOYA', 200, 7, 'http://BSTR_729_2019-6-30', NULL, 'CLAUDIA MOYA', '2299840310', 'CCMM9@YAHOO.COM.MX', '2019-08-15', 0, ' '),
(730, 'EMILIANO ESTRADA CORTEZ', 117, 17, 'http://BSTR_730_2019-6-30', NULL, 'POR DEFINIR', '', '', '2019-08-15', 0, ' '),
(731, 'JOSE SEBASTIAN CANTU', 120, 1, 'http://BSTR_731_2019-6-30', NULL, 'DANIELA VALENZUELA', '667228043', 'DANIELADECANTU@GMAIL.COM', '2019-08-15', 0, ' '),
(732, 'LUANA PERERA LOGOZZO', 0, 15, 'http://BSTR_732_2019-6-30', NULL, 'RAMON PERERA', '2297806281', 'rperera23@gmail.com', '2019-08-15', -200, ' '),
(733, 'RAMIRO PERERA LOGOZZO', 0, 20, 'http://BSTR_733_2019-6-30', NULL, 'RAMON PERERA', '2297809281', 'rperera23@gmail.com', '2019-08-15', -200, ' '),
(734, 'SOFIA BARBOSA ORTIZ', 150, 14, 'http://BSTR_734_2019-6-30', NULL, 'SAMANTHA ORTIZ', '9933835038', 'sam_1699@hotmail.com', '2019-08-15', 0, ' '),
(735, 'REGINA ALCEDA YORBA', 0, 2, 'http://BSTR_735_2019-6-30', NULL, 'ARIADNA YORBA', '2292654664', 'yor.ba@hotmail.com', '2019-08-15', -300, ' ');

-- --------------------------------------------------------

--
-- Estructura de tabla para la tabla `detalle_venta`
--

CREATE TABLE `detalle_venta` (
  `Venta_idVenta` int(11) NOT NULL,
  `Producto_idProducto` int(11) DEFAULT NULL,
  `cantidad` double DEFAULT NULL,
  `subtotal` double DEFAULT NULL
) ENGINE=InnoDB DEFAULT CHARSET=utf8;

--
-- Volcado de datos para la tabla `detalle_venta`
--

INSERT INTO `detalle_venta` (`Venta_idVenta`, `Producto_idProducto`, `cantidad`, `subtotal`) VALUES
(6, 92, 1, 12),
(6, 65, 1, 7),
(6, 93, 1, 10),
(7, 62, 1, 12),
(7, 63, 1, 7),
(7, 22, 1, 14),
(8, 62, 2, 24),
(8, 14, 1, 7),
(8, 4, 3, 45),
(8, 50, 1, 8),
(8, 11, 1, 15),
(8, 84, 1, 14),
(8, 28, 1, 13),
(8, 8, 1, 12),
(8, 58, 1, 9),
(8, 61, 1, 14),
(8, 66, 4, 48),
(9, 92, 1, 12),
(9, 33, 1, 15),
(10, 82, 1, 7),
(11, 10, 1, 12),
(12, 3, 1, 10),
(13, 81, 1, 10),
(14, 43, 1, 10),
(14, 50, 1, 8),
(15, 43, 1, 10),
(16, 10, 1, 12),
(17, 1, 1, 30),
(17, 83, 1, 11),
(17, 35, 1, 12),
(18, 67, 1, 6),
(18, 25, 2, 4),
(19, 43, 1, 10),
(19, 93, 2, 20),
(20, 67, 1, 6),
(20, 56, 3, 3),
(21, 4, 1, 15),
(22, 1, 1, 30),
(23, 83, 1, 11),
(24, 67, 1, 6),
(25, 67, 1, 6),
(26, 1, 1, 30),
(26, 3, 1, 10),
(27, 3, 1, 10),
(28, 73, 1, 12),
(28, 53, 1, 12),
(29, 93, 1, 10),
(30, 12, 1, 6),
(31, 93, 1, 10),
(31, 53, 1, 12),
(32, 33, 1, 15),
(33, 60, 1, 10),
(34, 25, 2, 4),
(34, 35, 1, 12),
(35, 39, 1, 10),
(36, 23, 1, 13),
(37, 12, 1, 6),
(38, 29, 3, 30),
(38, 50, 1, 8),
(39, 33, 1, 15),
(40, 1, 1, 40),
(40, 24, 1, 25),
(40, 49, 1, 9),
(41, 2, 1, 9),
(42, 2, 1, 9),
(43, 16, 1, 18),
(43, 9, 1, 13),
(44, 33, 1, 15),
(44, 104, 2, 30),
(45, 33, 1, 15),
(45, 104, 2, 30),
(46, 33, 1, 15),
(46, 104, 2, 30),
(47, 33, 1, 15),
(47, 104, 2, 30),
(48, 33, 1, 15),
(48, 104, 2, 30),
(49, 33, 1, 15),
(49, 104, 2, 30),
(50, 33, 1, 15),
(51, 104, 2, 30),
(52, 104, 3, 45),
(52, 84, 1, 15),
(53, 3, 1, 12),
(54, 104, 2, 30),
(55, 83, 1, 12),
(56, 83, 1, 12),
(57, 81, 3, 30),
(57, 8, 1, 12),
(57, 84, 1, 15),
(58, 55, 1, 14),
(59, 55, 1, 14),
(60, 15, 1, 15),
(60, 105, 2, 30),
(60, 106, 1, 14),
(61, 106, 1, 14),
(61, 105, 1, 15),
(61, 84, 1, 15),
(62, 16, 1, 18),
(62, 55, 1, 14),
(63, 105, 3, 45),
(63, 84, 1, 15),
(64, 24, 1, 25),
(64, 50, 1, 9),
(65, 89, 1, 25),
(65, 33, 1, 15),
(66, 61, 1, 14),
(67, 105, 2, 30),
(67, 23, 1, 15),
(68, 105, 1, 15),
(68, 83, 1, 12),
(68, 8, 1, 12),
(69, 11, 1, 16),
(70, 81, 3, 30),
(70, 11, 1, 16),
(71, 69, 1, 15),
(71, 52, 1, 9),
(71, 97, 1, 9),
(72, 83, 1, 12),
(73, 105, 2, 30),
(74, 96, 1, 12),
(74, 7, 1, 14),
(74, 107, 1, 14),
(74, 19, 1, 20),
(75, 88, 2, 40),
(75, 50, 1, 9),
(76, 1, 1, 35),
(76, 92, 2, 24),
(77, 1, 1, 35),
(78, 52, 1, 9),
(78, 100, 4, 48),
(78, 87, 1, 10),
(79, 1, 1, 35),
(80, 1, 1, 35),
(80, 83, 1, 12),
(81, 15, 1, 15),
(81, 83, 2, 24),
(82, 93, 1, 10),
(82, 63, 1, 9),
(82, 50, 1, 9),
(83, 92, 1, 12),
(83, 100, 2, 24),
(83, 87, 1, 10),
(83, 51, 1, 15),
(84, 61, 1, 14),
(85, 100, 2, 24),
(85, 51, 1, 15),
(86, 92, 1, 12),
(87, 83, 1, 12),
(88, 69, 1, 15),
(89, 83, 1, 12),
(90, 78, 1, 14),
(91, 63, 1, 9),
(91, 69, 1, 15),
(92, 22, 1, 15),
(93, 22, 1, 15),
(94, 108, 1, 35),
(95, 92, 2, 24),
(96, 18, 1, 23),
(96, 99, 1, 10),
(97, 30, 1, 40),
(97, 7, 1, 14),
(98, 5, 1, 22),
(98, 83, 1, 12),
(99, 46, 1, 40),
(100, 45, 1, 15),
(100, 53, 1, 12),
(101, 46, 1, 40),
(102, 69, 1, 15),
(102, 92, 1, 12),
(103, 34, 2, 6),
(104, 67, 1, 7),
(105, 88, 1, 20),
(106, 83, 1, 12),
(107, 45, 1, 15),
(107, 87, 2, 20),
(107, 92, 1, 12),
(107, 26, 1, 30),
(107, 35, 1, 13),
(108, 22, 1, 15),
(109, 69, 1, 15),
(109, 84, 1, 15),
(109, 92, 1, 12),
(110, 69, 1, 15),
(111, 60, 1, 12),
(112, 98, 1, 18),
(112, 60, 1, 12),
(113, 92, 1, 12),
(113, 69, 1, 15),
(114, 76, 1, 13),
(114, 69, 1, 15),
(114, 50, 1, 9),
(115, 93, 1, 10),
(116, 93, 1, 10),
(117, 81, 2, 20),
(117, 84, 1, 15),
(118, 33, 1, 15),
(119, 30, 2, 80),
(120, 1, 1, 35),
(121, 1, 1, 35),
(121, 50, 1, 9),
(122, 92, 3, 36),
(122, 109, 2, 18),
(122, 90, 1, 22),
(122, 87, 1, 10),
(122, 22, 1, 15),
(122, 1, 1, 35),
(122, 48, 1, 18),
(123, 1, 1, 35),
(123, 83, 1, 12),
(124, 1, 1, 35),
(125, 83, 1, 12),
(126, 15, 1, 15),
(126, 1, 1, 35),
(127, 44, 1, 12),
(128, 36, 1, 16),
(129, 51, 1, 15),
(130, 92, 1, 12),
(130, 93, 1, 10),
(131, 63, 1, 9),
(131, 56, 3, 3),
(132, 24, 1, 25),
(132, 51, 1, 15),
(133, 24, 1, 25),
(133, 18, 1, 23),
(133, 38, 1, 15),
(134, 24, 1, 25),
(134, 48, 1, 18),
(135, 5, 1, 22),
(135, 83, 1, 12),
(136, 1, 1, 35),
(136, 84, 1, 15),
(137, 1, 1, 35),
(137, 44, 1, 12),
(137, 107, 1, 14),
(137, 51, 1, 15),
(138, 93, 1, 10),
(139, 10, 1, 14),
(140, 85, 2, 20),
(141, 25, 3, 6),
(141, 21, 3, 3),
(142, 92, 1, 12),
(143, 11, 2, 32),
(144, 69, 1, 15),
(145, 68, 1, 12),
(145, 11, 1, 16),
(146, 81, 2, 20),
(146, 92, 1, 12),
(147, 92, 1, 12),
(148, 22, 1, 15),
(149, 22, 1, 15),
(150, 104, 2, 30),
(150, 24, 1, 25),
(150, 51, 1, 15),
(150, 105, 2, 30),
(150, 69, 1, 15),
(150, 22, 1, 15),
(150, 92, 1, 12),
(150, 93, 2, 20),
(150, 50, 3, 27),
(150, 95, 1, 10),
(150, 67, 1, 7),
(151, 96, 1, 12),
(152, 99, 1, 10),
(153, 26, 1, 30),
(153, 1, 1, 35),
(153, 3, 1, 12),
(154, 1, 1, 35),
(154, 99, 1, 10),
(155, 1, 1, 35),
(155, 83, 1, 12),
(156, 69, 1, 15),
(156, 7, 1, 14),
(157, 111, 1, 18),
(158, 1, 1, 35),
(159, 1, 1, 35),
(160, 98, 1, 18),
(160, 74, 1, 20),
(161, 73, 2, 24),
(162, 65, 1, 10),
(163, 73, 1, 12),
(163, 60, 1, 12),
(163, 12, 1, 6),
(164, 92, 1, 12),
(165, 73, 2, 24),
(165, 33, 1, 15),
(166, 60, 1, 12),
(167, 39, 1, 10),
(167, 74, 1, 20),
(167, 73, 2, 24),
(168, 92, 1, 12),
(169, 8, 1, 12),
(169, 50, 1, 9),
(169, 21, 1, 1),
(170, 65, 1, 10),
(170, 8, 1, 12),
(171, 73, 2, 24),
(171, 51, 1, 15),
(171, 98, 1, 18),
(172, 33, 1, 15),
(172, 82, 1, 8),
(173, 25, 2, 4),
(173, 9, 1, 13),
(174, 15, 1, 15),
(175, 10, 1, 14),
(176, 44, 1, 12),
(176, 73, 2, 24),
(177, 73, 2, 24),
(177, 63, 1, 9),
(178, 65, 1, 10),
(179, 92, 1, 12),
(180, 92, 1, 12),
(181, 86, 1, 18),
(181, 45, 1, 15),
(181, 51, 1, 15),
(181, 112, 1, 12),
(182, 22, 1, 15),
(183, 92, 2, 24),
(184, 26, 2, 60),
(184, 92, 2, 24),
(184, 81, 1, 10),
(184, 12, 1, 6),
(185, 26, 1, 30),
(185, 74, 1, 20),
(186, 26, 4, 120),
(187, 10, 1, 14),
(188, 43, 1, 10),
(188, 33, 1, 15),
(189, 99, 1, 10),
(190, 44, 1, 12),
(190, 92, 2, 24),
(191, 43, 1, 10),
(191, 51, 1, 15),
(192, 60, 1, 12),
(193, 26, 3, 90),
(194, 100, 1, 12),
(194, 50, 1, 9),
(194, 12, 1, 6),
(195, 81, 2, 20),
(195, 50, 2, 18),
(195, 25, 2, 4),
(195, 73, 2, 24),
(196, 83, 2, 24),
(197, 25, 10, 20),
(197, 65, 1, 10),
(197, 93, 2, 20),
(198, 92, 2, 24),
(198, 25, 5, 10),
(198, 56, 4, 4),
(199, 69, 5, 75),
(199, 21, 1, 1),
(199, 44, 1, 12),
(200, 26, 2, 60),
(201, 100, 1, 12),
(201, 67, 1, 7),
(201, 21, 1, 1),
(202, 81, 2, 20),
(202, 62, 2, 28),
(202, 21, 3, 3),
(203, 62, 1, 14),
(203, 99, 1, 10),
(203, 92, 1, 12),
(204, 79, 3, 51),
(204, 67, 1, 7),
(205, 79, 5, 85),
(205, 60, 3, 36),
(205, 45, 2, 30),
(205, 50, 1, 9),
(206, 93, 1, 10),
(206, 67, 1, 7),
(207, 17, 1, 14),
(207, 60, 1, 12),
(208, 26, 4, 120),
(209, 26, 2, 60),
(210, 26, 3, 90),
(211, 26, 4, 120),
(212, 26, 4, 120),
(213, 26, 4, 120),
(214, 26, 4, 120),
(215, 26, 4, 120),
(216, 33, 1, 15),
(216, 60, 1, 12),
(216, 79, 1, 17),
(216, 25, 2, 4),
(216, 52, 1, 9),
(216, 8, 1, 12),
(217, 83, 1, 12),
(217, 51, 1, 15),
(217, 23, 1, 15),
(218, 7, 1, 14),
(218, 103, 1, 15),
(218, 50, 1, 9),
(219, 92, 1, 12),
(219, 79, 1, 17),
(219, 87, 1, 10),
(219, 43, 1, 10),
(219, 82, 1, 8),
(219, 67, 1, 7),
(220, 44, 1, 12),
(220, 65, 1, 10),
(220, 25, 3, 6),
(221, 56, 1, 1),
(222, 25, 2, 4),
(222, 93, 1, 10),
(222, 56, 1, 1),
(223, 1, 1, 35),
(223, 67, 1, 7),
(223, 69, 1, 15),
(223, 28, 2, 28),
(223, 92, 3, 36),
(223, 98, 1, 20),
(224, 110, 1, 15),
(224, 50, 1, 9),
(225, 67, 1, 7),
(225, 12, 1, 6),
(226, 69, 2, 30),
(226, 17, 1, 14),
(226, 7, 1, 14),
(226, 103, 1, 15),
(226, 53, 1, 12),
(226, 37, 1, 12),
(227, 25, 1, 2),
(228, 62, 1, 14),
(228, 25, 1, 2),
(228, 21, 1, 1),
(229, 79, 1, 17),
(230, 92, 1, 12),
(231, 26, 4, 120),
(232, 67, 1, 7),
(232, 73, 1, 12),
(233, 7, 1, 14),
(234, 79, 1, 17),
(234, 83, 2, 24),
(235, 112, 1, 12),
(236, 63, 1, 9),
(237, 93, 1, 10),
(238, 39, 1, 10),
(239, 84, 1, 15),
(240, 23, 1, 15),
(241, 79, 2, 34),
(242, 10, 1, 14),
(243, 79, 3, 51),
(244, 8, 1, 12),
(245, 1, 1, 35),
(246, 103, 1, 15),
(247, 45, 1, 15),
(248, 43, 1, 10),
(249, 43, 1, 10),
(250, 43, 2, 20),
(250, 3, 1, 12),
(251, 2, 1, 9),
(252, 1, 1, 35),
(253, 24, 1, 25),
(254, 1, 1, 35),
(255, 83, 1, 12),
(256, 1, 1, 35),
(257, 86, 1, 18),
(257, 44, 1, 12),
(258, 44, 1, 12),
(258, 25, 2, 4),
(259, 39, 1, 10),
(260, 39, 1, 10),
(260, 67, 1, 7),
(261, 39, 1, 10),
(262, 65, 1, 10),
(262, 61, 1, 14),
(263, 28, 1, 14),
(264, 92, 1, 12),
(265, 39, 1, 10),
(266, 25, 2, 4),
(267, 24, 1, 25),
(268, 43, 1, 10),
(268, 50, 1, 9),
(269, 90, 1, 22),
(269, 51, 1, 15),
(269, 60, 1, 12),
(270, 26, 1, 30),
(270, 113, 1, 10),
(271, 24, 1, 25),
(271, 3, 1, 12),
(271, 39, 1, 10),
(272, 92, 1, 12),
(272, 25, 1, 2),
(272, 21, 1, 1),
(273, 79, 1, 17),
(274, 25, 1, 2),
(275, 33, 1, 15),
(276, 66, 1, 12),
(277, 81, 1, 10),
(277, 32, 1, 15),
(277, 68, 1, 12),
(278, 81, 1, 10),
(279, 76, 1, 13),
(280, 113, 1, 10),
(281, 33, 1, 15),
(282, 12, 1, 6),
(283, 93, 1, 10),
(284, 103, 2, 30),
(284, 44, 1, 12),
(285, 87, 1, 10),
(285, 103, 1, 15),
(286, 87, 1, 10),
(286, 43, 1, 10),
(287, 61, 1, 14),
(288, 67, 1, 7),
(289, 8, 1, 12),
(290, 33, 1, 15),
(291, 61, 1, 14),
(292, 103, 1, 15),
(293, 93, 1, 10),
(294, 93, 1, 10),
(295, 112, 1, 12),
(296, 22, 1, 15),
(297, 1, 1, 35),
(297, 107, 1, 14),
(298, 33, 1, 15),
(298, 61, 1, 14),
(299, 1, 1, 35),
(299, 83, 1, 12),
(300, 45, 1, 15),
(300, 39, 1, 10),
(300, 103, 1, 15),
(300, 51, 1, 15),
(301, 81, 2, 20),
(301, 65, 1, 10),
(301, 112, 1, 12),
(302, 92, 1, 12),
(302, 25, 1, 2),
(303, 92, 1, 12),
(304, 66, 1, 12),
(304, 25, 1, 2),
(305, 39, 1, 10),
(305, 57, 1, 16),
(306, 62, 1, 14),
(307, 79, 1, 17),
(308, 50, 1, 9),
(308, 8, 1, 12),
(309, 1, 1, 35),
(309, 83, 3, 36),
(310, 42, 1, 18),
(310, 3, 1, 12),
(311, 106, 1, 14),
(311, 50, 1, 9),
(312, 93, 1, 10),
(313, 26, 1, 30),
(314, 26, 1, 30),
(315, 26, 1, 30),
(316, 26, 1, 30),
(317, 26, 1, 30),
(318, 26, 1, 30),
(319, 1, 1, 35),
(320, 26, 1, 30),
(320, 86, 1, 18),
(320, 61, 1, 14),
(321, 26, 1, 30),
(322, 92, 1, 12),
(323, 26, 1, 30),
(324, 67, 1, 7),
(325, 26, 1, 30),
(326, 16, 1, 15),
(327, 1, 1, 35),
(328, 1, 1, 35),
(329, 1, 1, 35),
(330, 1, 1, 35),
(330, 99, 1, 10),
(331, 1, 1, 35),
(331, 106, 1, 14),
(332, 43, 1, 10),
(332, 52, 1, 9),
(333, 110, 1, 15),
(333, 53, 1, 12),
(334, 54, 1, 22),
(334, 43, 1, 10),
(335, 86, 1, 18),
(336, 103, 1, 15),
(336, 67, 1, 7),
(336, 92, 1, 12),
(337, 1, 1, 35),
(338, 1, 1, 35),
(339, 99, 1, 10),
(340, 1, 1, 35),
(341, 44, 1, 12),
(341, 25, 1, 2),
(342, 39, 1, 10),
(343, 93, 1, 10),
(343, 21, 1, 1),
(344, 39, 1, 10),
(345, 63, 1, 9),
(345, 92, 1, 12),
(346, 112, 1, 12),
(347, 92, 1, 12),
(347, 61, 1, 14),
(347, 49, 1, 9),
(348, 43, 1, 10),
(348, 22, 1, 15),
(348, 50, 1, 9),
(349, 69, 1, 15),
(350, 79, 1, 17),
(351, 110, 1, 15),
(351, 39, 1, 10),
(352, 26, 1, 30),
(352, 44, 1, 12),
(353, 81, 2, 20),
(353, 33, 1, 15),
(354, 110, 1, 15),
(354, 2, 1, 9),
(355, 43, 1, 10),
(355, 21, 1, 1),
(356, 69, 1, 15),
(356, 59, 1, 15),
(357, 50, 1, 9),
(358, 45, 1, 15),
(358, 79, 1, 17),
(359, 67, 1, 7),
(360, 39, 1, 10),
(360, 50, 1, 9),
(361, 50, 1, 9),
(361, 25, 1, 2),
(361, 8, 1, 12),
(362, 54, 1, 22),
(363, 67, 1, 7),
(363, 25, 1, 2),
(363, 21, 1, 1),
(364, 33, 1, 15),
(364, 60, 1, 12),
(365, 44, 1, 12),
(366, 1, 1, 35),
(367, 82, 1, 8),
(367, 93, 1, 10),
(368, 93, 1, 10),
(369, 93, 1, 10),
(370, 93, 1, 10),
(371, 93, 1, 10),
(372, 92, 1, 12),
(373, 79, 1, 17),
(374, 93, 1, 10),
(375, 82, 1, 8),
(376, 26, 1, 30),
(377, 26, 1, 30),
(378, 26, 1, 30),
(378, 53, 1, 12),
(378, 92, 1, 12),
(378, 61, 1, 14),
(379, 26, 1, 30),
(380, 26, 1, 30),
(381, 26, 1, 30),
(382, 26, 1, 30),
(383, 26, 1, 30),
(384, 26, 1, 30),
(385, 26, 1, 30),
(386, 76, 1, 13),
(387, 26, 1, 30),
(388, 115, 1, 27),
(389, 43, 2, 20),
(389, 92, 1, 12),
(390, 7, 1, 14),
(390, 49, 1, 9),
(391, 114, 1, 12),
(392, 116, 1, 15),
(392, 63, 1, 9),
(393, 54, 1, 22),
(393, 1, 1, 35),
(394, 117, 1, 15),
(395, 55, 1, 14),
(395, 60, 1, 12),
(395, 33, 1, 15),
(396, 92, 1, 12),
(397, 93, 1, 10),
(398, 92, 1, 12),
(399, 116, 1, 15),
(400, 99, 1, 10),
(401, 1, 1, 35),
(402, 17, 1, 14),
(403, 79, 1, 17),
(403, 99, 1, 10),
(403, 53, 1, 12),
(404, 60, 2, 24),
(404, 23, 1, 15),
(405, 22, 1, 15),
(406, 3, 1, 10),
(407, 102, 1, 16),
(408, 61, 1, 14),
(409, 12, 1, 6),
(410, 46, 1, 35),
(411, 1, 1, 35),
(412, 1, 1, 35),
(413, 12, 1, 6),
(414, 79, 1, 17),
(414, 51, 1, 15),
(415, 90, 1, 22),
(415, 16, 1, 15),
(416, 79, 1, 17),
(417, 50, 1, 9),
(418, 79, 1, 17),
(419, 79, 1, 17),
(420, 86, 1, 18),
(420, 96, 1, 12),
(421, 43, 1, 10),
(421, 52, 1, 9),
(422, 103, 1, 15),
(422, 49, 1, 9),
(423, 103, 1, 15),
(423, 50, 1, 9),
(424, 103, 1, 15),
(424, 92, 1, 12),
(425, 103, 1, 15),
(425, 54, 1, 22),
(426, 93, 1, 10),
(427, 63, 1, 9),
(427, 25, 1, 2),
(428, 39, 1, 10),
(429, 44, 1, 12),
(430, 44, 1, 12),
(431, 92, 1, 12),
(432, 92, 1, 12),
(432, 25, 1, 2),
(433, 25, 2, 4),
(433, 56, 2, 2),
(434, 63, 1, 9),
(434, 25, 2, 4),
(435, 12, 1, 6),
(436, 103, 1, 15),
(436, 49, 1, 9),
(437, 103, 1, 15),
(437, 51, 1, 15),
(437, 92, 1, 12),
(438, 57, 1, 16),
(438, 67, 1, 7),
(439, 45, 1, 15),
(439, 39, 1, 10),
(440, 24, 1, 25),
(440, 44, 1, 12),
(441, 26, 1, 30),
(442, 25, 1, 2),
(443, 69, 1, 15),
(443, 44, 1, 12),
(444, 103, 1, 15),
(444, 112, 1, 12),
(445, 43, 1, 10),
(445, 39, 1, 10),
(446, 69, 1, 15),
(446, 68, 1, 12),
(447, 79, 1, 17),
(447, 60, 1, 12),
(448, 99, 1, 10),
(449, 49, 1, 9),
(450, 25, 1, 2),
(451, 68, 1, 12),
(452, 81, 1, 10),
(452, 25, 3, 6),
(453, 57, 1, 16),
(454, 44, 1, 12),
(454, 45, 2, 30),
(455, 7, 1, 14),
(455, 56, 1, 1),
(456, 93, 1, 10),
(457, 54, 1, 22),
(458, 62, 1, 14),
(459, 92, 1, 12),
(459, 25, 1, 2),
(459, 21, 1, 1),
(460, 39, 1, 10),
(461, 12, 1, 6),
(462, 67, 1, 7),
(463, 97, 1, 9),
(464, 23, 1, 15),
(465, 92, 1, 12),
(466, 38, 1, 15),
(467, 56, 1, 1),
(468, 21, 2, 2),
(469, 51, 1, 15),
(470, 94, 1, 15),
(471, 24, 1, 25),
(472, 67, 1, 7),
(472, 25, 2, 4),
(473, 26, 1, 30),
(474, 26, 1, 30),
(475, 113, 1, 10),
(475, 69, 1, 15),
(475, 43, 1, 10),
(475, 53, 1, 12),
(476, 26, 1, 30),
(477, 26, 1, 30),
(478, 26, 1, 30),
(479, 26, 1, 30),
(480, 26, 1, 30),
(481, 26, 2, 60),
(482, 26, 1, 30),
(483, 26, 1, 30),
(484, 54, 1, 22),
(485, 93, 1, 10),
(485, 52, 1, 9),
(485, 12, 1, 6),
(486, 92, 1, 12),
(487, 16, 1, 15),
(487, 78, 1, 14),
(487, 83, 1, 12),
(488, 43, 1, 10),
(489, 93, 1, 10),
(489, 81, 1, 10),
(489, 50, 1, 9),
(490, 60, 1, 12),
(491, 99, 1, 10),
(492, 81, 2, 20),
(492, 63, 1, 9),
(493, 54, 1, 22),
(493, 93, 1, 10),
(493, 39, 1, 10),
(494, 49, 1, 9),
(495, 62, 1, 14),
(495, 25, 3, 6),
(496, 28, 1, 14),
(497, 76, 1, 13),
(498, 99, 1, 10),
(498, 113, 1, 10),
(499, 67, 1, 7),
(499, 79, 1, 17),
(500, 117, 1, 15),
(500, 1, 1, 35),
(501, 92, 1, 12),
(502, 76, 1, 13),
(503, 17, 1, 14),
(504, 78, 1, 14),
(505, 106, 1, 14),
(505, 18, 1, 23),
(506, 106, 1, 14),
(507, 1, 1, 35),
(507, 69, 2, 30),
(508, 88, 1, 20),
(509, 1, 1, 35),
(510, 1, 1, 35),
(511, 2, 1, 9),
(512, 26, 1, 30),
(513, 103, 1, 15),
(513, 67, 1, 7),
(514, 43, 1, 10),
(514, 92, 1, 12),
(515, 103, 1, 15),
(516, 86, 1, 18),
(516, 7, 1, 14),
(516, 12, 1, 6),
(517, 81, 2, 20),
(517, 79, 1, 17),
(517, 67, 1, 7),
(518, 63, 1, 9),
(518, 25, 1, 2),
(519, 92, 1, 12),
(520, 93, 1, 10),
(521, 92, 1, 12),
(522, 22, 1, 15),
(522, 63, 1, 9),
(523, 80, 1, 12),
(523, 63, 1, 9),
(523, 56, 2, 2),
(524, 67, 1, 7),
(524, 62, 1, 14),
(525, 39, 1, 10),
(526, 67, 1, 7),
(527, 25, 1, 2),
(528, 79, 1, 17),
(528, 45, 1, 15),
(529, 43, 1, 10),
(529, 39, 1, 10),
(530, 86, 2, 36),
(530, 79, 1, 17),
(531, 26, 1, 30),
(531, 59, 1, 15),
(531, 69, 1, 15),
(532, 115, 1, 27),
(532, 99, 1, 10),
(532, 63, 1, 9),
(533, 69, 1, 15),
(534, 99, 1, 10),
(534, 113, 1, 10),
(535, 26, 1, 30),
(535, 62, 1, 14),
(536, 69, 1, 15),
(537, 44, 1, 12),
(538, 45, 1, 15),
(538, 39, 1, 10),
(539, 81, 2, 20),
(539, 39, 1, 10),
(540, 80, 1, 12),
(540, 81, 2, 20),
(540, 52, 1, 9),
(541, 62, 1, 14),
(541, 25, 3, 6),
(542, 80, 1, 12),
(542, 92, 1, 12),
(543, 69, 1, 15),
(543, 92, 1, 12),
(544, 69, 1, 15),
(545, 103, 1, 15),
(546, 67, 1, 7),
(546, 25, 1, 2),
(546, 21, 1, 1),
(547, 7, 1, 14),
(548, 79, 1, 17),
(549, 25, 7, 14),
(550, 93, 1, 10),
(551, 79, 1, 17),
(552, 39, 1, 10),
(553, 57, 1, 16),
(554, 39, 1, 10),
(555, 67, 1, 7),
(556, 21, 1, 1),
(557, 25, 1, 2),
(558, 67, 1, 7),
(558, 25, 2, 4),
(559, 67, 1, 7),
(560, 26, 1, 30),
(561, 51, 1, 15),
(562, 69, 1, 15),
(562, 83, 1, 12),
(563, 42, 1, 18),
(564, 26, 1, 30),
(565, 43, 2, 20),
(565, 53, 1, 12),
(565, 60, 1, 12),
(566, 67, 1, 7),
(567, 26, 1, 30),
(568, 26, 1, 30),
(569, 26, 1, 30),
(570, 26, 1, 30),
(571, 26, 1, 30),
(572, 26, 1, 30),
(573, 78, 1, 14),
(573, 104, 1, 15),
(573, 84, 1, 15),
(574, 21, 1, 1),
(574, 25, 5, 10),
(575, 15, 1, 13),
(575, 99, 1, 10),
(576, 61, 1, 14),
(576, 50, 1, 9),
(577, 10, 1, 14),
(577, 92, 3, 36),
(577, 53, 1, 12),
(577, 12, 2, 12),
(577, 113, 2, 20),
(577, 80, 2, 24),
(577, 17, 1, 14),
(577, 39, 1, 10),
(577, 22, 1, 15),
(578, 110, 1, 15),
(578, 57, 1, 16),
(579, 26, 1, 30),
(579, 12, 1, 6),
(580, 26, 1, 30),
(580, 2, 1, 9),
(581, 110, 1, 15),
(582, 110, 1, 15),
(582, 54, 1, 22),
(582, 79, 1, 17),
(583, 59, 1, 15),
(583, 92, 1, 12),
(584, 110, 1, 15),
(585, 93, 1, 10),
(585, 25, 1, 2),
(586, 110, 1, 15),
(587, 113, 1, 10),
(588, 25, 2, 4),
(589, 92, 1, 12),
(590, 112, 1, 12),
(590, 69, 1, 15),
(591, 1, 1, 35),
(591, 84, 1, 15),
(592, 10, 1, 14),
(593, 44, 1, 12),
(594, 104, 2, 30),
(594, 11, 1, 16),
(594, 83, 1, 12),
(595, 39, 1, 10),
(595, 45, 1, 15),
(596, 1, 1, 35),
(596, 83, 1, 12),
(597, 33, 1, 15),
(598, 92, 1, 12),
(599, 114, 1, 12),
(599, 79, 1, 17),
(600, 33, 1, 15),
(601, 12, 1, 6),
(602, 8, 1, 12),
(603, 46, 1, 35),
(603, 3, 1, 10),
(604, 99, 1, 10),
(605, 3, 1, 10),
(606, 112, 1, 12),
(607, 79, 1, 17),
(608, 73, 3, 36),
(609, 29, 2, 20),
(609, 7, 1, 14),
(610, 29, 1, 10),
(611, 73, 1, 12),
(611, 80, 1, 12),
(611, 96, 1, 12),
(612, 73, 1, 12),
(612, 50, 1, 9),
(613, 92, 1, 12),
(614, 104, 2, 30),
(615, 29, 2, 20),
(615, 113, 1, 10),
(616, 12, 1, 6),
(617, 25, 1, 2),
(618, 79, 1, 17),
(619, 104, 2, 30),
(620, 81, 1, 10),
(621, 81, 1, 10),
(621, 66, 1, 12),
(622, 29, 2, 20),
(622, 44, 1, 12),
(622, 93, 1, 10),
(623, 93, 1, 10),
(624, 82, 1, 8),
(624, 114, 1, 12),
(624, 73, 2, 24),
(625, 73, 2, 24),
(625, 50, 1, 9),
(626, 73, 2, 24),
(626, 79, 1, 17),
(627, 49, 1, 9),
(627, 29, 1, 10),
(627, 67, 1, 7),
(628, 67, 1, 7),
(628, 2, 1, 9),
(629, 50, 1, 9),
(629, 56, 1, 1),
(630, 7, 1, 14),
(631, 44, 1, 12),
(631, 56, 1, 1),
(632, 79, 1, 17),
(633, 79, 1, 17),
(634, 114, 1, 12),
(634, 104, 2, 30),
(634, 83, 1, 12),
(635, 50, 1, 9),
(636, 79, 1, 17),
(636, 93, 1, 10),
(636, 52, 1, 9),
(637, 104, 2, 30),
(637, 83, 1, 12),
(638, 12, 1, 6),
(639, 12, 1, 6),
(640, 73, 2, 24),
(640, 3, 1, 10),
(641, 73, 1, 12),
(642, 73, 1, 12),
(643, 74, 1, 20),
(643, 49, 1, 9),
(644, 93, 1, 10),
(645, 66, 1, 12),
(645, 21, 3, 3),
(645, 39, 1, 10),
(646, 92, 1, 12),
(647, 66, 1, 12),
(648, 73, 1, 12),
(648, 79, 1, 17),
(649, 73, 2, 24),
(649, 39, 1, 10),
(650, 29, 3, 30),
(650, 62, 1, 14),
(651, 99, 1, 10),
(652, 93, 1, 10),
(653, 59, 1, 15),
(653, 60, 1, 12),
(654, 29, 2, 20),
(654, 62, 1, 14),
(655, 79, 1, 17),
(656, 73, 2, 24),
(656, 57, 1, 16),
(657, 73, 1, 12),
(657, 97, 1, 9),
(658, 99, 1, 10),
(659, 73, 2, 24),
(660, 79, 1, 17),
(661, 104, 2, 30),
(662, 67, 1, 7),
(663, 39, 1, 10),
(663, 25, 3, 6),
(664, 57, 1, 16),
(665, 80, 1, 12),
(665, 21, 1, 1),
(666, 62, 1, 14),
(666, 21, 1, 1),
(666, 25, 1, 2),
(667, 113, 1, 10),
(668, 67, 1, 7),
(669, 39, 1, 10),
(670, 67, 1, 7),
(671, 73, 2, 24),
(672, 67, 1, 7),
(673, 26, 1, 30),
(674, 44, 2, 24),
(675, 26, 1, 30),
(676, 90, 1, 22),
(677, 73, 2, 24),
(677, 74, 1, 20),
(677, 53, 1, 12),
(677, 113, 1, 10),
(678, 53, 1, 12),
(679, 4, 1, 15),
(680, 4, 1, 15),
(681, 74, 1, 20),
(681, 92, 1, 12),
(681, 67, 1, 7),
(682, 104, 2, 30),
(682, 48, 1, 18),
(683, 16, 1, 15),
(684, 103, 1, 15),
(684, 50, 1, 9),
(685, 73, 2, 24),
(685, 68, 1, 12),
(685, 93, 1, 10),
(686, 103, 1, 15),
(686, 93, 1, 10),
(687, 73, 4, 48),
(688, 73, 1, 12),
(688, 99, 1, 10),
(689, 45, 1, 15),
(689, 52, 1, 9),
(690, 60, 1, 12),
(691, 96, 1, 12),
(692, 36, 1, 16),
(693, 44, 1, 12),
(693, 25, 1, 2),
(694, 56, 3, 3),
(695, 93, 1, 10),
(695, 92, 1, 12),
(696, 117, 1, 15),
(697, 92, 1, 12),
(698, 44, 1, 12),
(699, 12, 1, 6),
(699, 25, 2, 4),
(700, 39, 2, 20),
(701, 93, 1, 10),
(702, 56, 5, 5),
(703, 45, 1, 15),
(703, 99, 1, 10),
(704, 45, 1, 15),
(704, 53, 1, 12),
(705, 73, 2, 24),
(705, 117, 1, 15),
(706, 26, 1, 30),
(706, 117, 1, 15),
(707, 24, 1, 25),
(707, 99, 1, 10),
(708, 26, 1, 30),
(708, 62, 1, 14),
(709, 73, 1, 12),
(709, 39, 1, 10),
(710, 73, 1, 12),
(710, 113, 1, 10),
(711, 26, 1, 30),
(712, 92, 1, 12),
(713, 81, 1, 10),
(713, 9, 1, 13),
(714, 43, 1, 10),
(714, 117, 1, 15),
(715, 95, 1, 10),
(715, 85, 1, 10),
(716, 25, 1, 2),
(717, 26, 1, 30),
(717, 62, 1, 14),
(718, 38, 1, 15),
(719, 62, 1, 14),
(720, 7, 1, 14),
(720, 21, 1, 1),
(721, 93, 1, 10),
(722, 92, 1, 12),
(723, 97, 1, 9),
(724, 67, 1, 7),
(725, 44, 1, 12),
(726, 56, 1, 1),
(727, 56, 1, 1),
(728, 79, 1, 17),
(729, 83, 1, 12),
(730, 23, 1, 15),
(731, 34, 4, 12),
(731, 83, 1, 12),
(732, 39, 1, 10),
(733, 28, 1, 14),
(734, 26, 1, 30),
(735, 107, 1, 14),
(736, 1, 1, 35),
(737, 95, 1, 10),
(738, 1, 1, 35),
(739, 95, 1, 10),
(740, 26, 1, 30),
(741, 26, 1, 30),
(742, 26, 1, 30),
(743, 26, 1, 30),
(744, 69, 1, 15),
(744, 12, 1, 6),
(744, 60, 1, 12),
(744, 92, 1, 12),
(745, 26, 1, 30),
(746, 69, 1, 15),
(747, 26, 1, 30),
(748, 26, 1, 30),
(749, 26, 1, 30),
(750, 26, 1, 30),
(751, 26, 1, 30),
(752, 26, 1, 30),
(753, 26, 1, 30),
(754, 13, 1, 10),
(755, 3, 1, 10),
(756, 60, 1, 12),
(756, 80, 1, 12),
(756, 79, 1, 17),
(757, 112, 1, 12),
(757, 26, 1, 30),
(758, 43, 1, 10),
(759, 117, 1, 15),
(760, 26, 1, 30),
(761, 57, 1, 16),
(761, 28, 1, 14),
(762, 52, 1, 9),
(763, 45, 1, 15),
(763, 82, 1, 8),
(764, 80, 1, 12),
(764, 113, 1, 10),
(765, 117, 1, 15),
(766, 34, 3, 9),
(767, 60, 1, 12),
(768, 56, 1, 1),
(769, 37, 1, 12),
(770, 7, 1, 14),
(771, 80, 1, 12),
(771, 25, 1, 2),
(772, 99, 1, 10),
(772, 1, 1, 35),
(773, 1, 3, 105),
(773, 48, 2, 36),
(774, 1, 1, 35),
(775, 1, 2, 70),
(776, 12, 1, 6),
(777, 26, 1, 30),
(777, 79, 1, 17),
(778, 26, 1, 30),
(778, 92, 1, 12),
(779, 26, 1, 30),
(779, 50, 1, 9),
(780, 1, 1, 35),
(781, 26, 1, 30),
(781, 50, 1, 9),
(782, 39, 1, 10),
(783, 25, 4, 8),
(783, 56, 4, 4),
(784, 26, 1, 30),
(784, 96, 1, 12),
(785, 93, 1, 10),
(786, 79, 1, 17),
(787, 93, 1, 10),
(788, 57, 1, 16),
(789, 56, 2, 2),
(790, 62, 1, 14),
(790, 25, 3, 6),
(791, 93, 1, 10),
(792, 93, 1, 10),
(793, 63, 1, 9),
(793, 67, 1, 7),
(794, 50, 2, 18),
(795, 26, 1, 30),
(796, 53, 1, 12),
(797, 52, 1, 9),
(797, 25, 1, 2),
(798, 25, 4, 8),
(799, 56, 2, 2),
(800, 93, 1, 10),
(801, 99, 1, 10),
(802, 81, 1, 10),
(802, 99, 1, 10),
(803, 50, 1, 9),
(804, 50, 1, 9),
(804, 43, 1, 10),
(805, 110, 1, 15),
(805, 112, 1, 12),
(806, 69, 1, 15),
(807, 93, 1, 10),
(808, 39, 1, 10),
(809, 26, 1, 30),
(810, 79, 1, 17),
(811, 67, 1, 7),
(812, 26, 1, 30),
(813, 26, 1, 30),
(814, 22, 1, 15),
(814, 92, 1, 12),
(814, 67, 1, 7),
(815, 45, 1, 15),
(815, 92, 1, 12),
(816, 79, 1, 17),
(816, 45, 1, 15),
(816, 80, 1, 12),
(817, 99, 1, 10),
(817, 39, 1, 10),
(818, 79, 1, 17),
(819, 69, 1, 15),
(819, 67, 1, 7),
(820, 93, 1, 10),
(821, 92, 1, 12),
(821, 25, 1, 2),
(821, 21, 1, 1),
(822, 50, 1, 9),
(823, 24, 1, 25),
(824, 82, 2, 16),
(825, 92, 1, 12),
(826, 93, 1, 10),
(826, 44, 1, 12),
(827, 54, 1, 22),
(828, 43, 1, 10),
(829, 67, 1, 7),
(830, 50, 1, 9),
(830, 68, 1, 12),
(831, 110, 1, 15),
(831, 92, 2, 24),
(832, 42, 1, 18),
(833, 112, 1, 12),
(834, 26, 1, 30),
(834, 93, 1, 10),
(834, 7, 1, 14),
(834, 69, 1, 15),
(835, 23, 1, 15),
(835, 50, 1, 9),
(836, 45, 1, 15),
(836, 78, 1, 14),
(836, 79, 1, 17),
(836, 92, 1, 12),
(836, 50, 1, 9),
(836, 52, 1, 9),
(836, 59, 1, 15),
(837, 73, 3, 36),
(837, 79, 1, 17),
(838, 92, 1, 12),
(838, 63, 1, 9),
(838, 50, 1, 9),
(838, 118, 1, 18),
(838, 97, 1, 9),
(839, 79, 1, 17),
(839, 25, 1, 2),
(840, 62, 1, 14),
(840, 25, 2, 4),
(841, 79, 1, 17),
(842, 79, 1, 17),
(843, 32, 1, 15),
(844, 1, 1, 35),
(845, 103, 1, 15),
(846, 1, 1, 35),
(846, 83, 1, 12),
(847, 32, 1, 15),
(848, 26, 1, 30),
(849, 26, 1, 30),
(850, 26, 2, 60),
(851, 26, 1, 30),
(852, 26, 1, 30),
(853, 93, 1, 10),
(854, 113, 1, 10),
(854, 45, 1, 15),
(854, 92, 1, 12),
(855, 26, 1, 30),
(856, 26, 1, 30),
(857, 26, 1, 30),
(858, 26, 1, 30),
(859, 110, 1, 15),
(860, 60, 1, 12),
(861, 81, 2, 20),
(862, 110, 1, 15),
(863, 92, 1, 12),
(864, 110, 1, 15),
(864, 39, 1, 10),
(864, 99, 1, 10),
(865, 92, 1, 12),
(866, 50, 1, 9),
(867, 92, 1, 12),
(867, 60, 1, 12),
(868, 92, 1, 12),
(869, 25, 2, 4),
(870, 7, 1, 14),
(871, 56, 1, 1),
(872, 43, 1, 10),
(873, 1, 1, 35),
(874, 92, 1, 12),
(874, 103, 1, 15),
(874, 25, 1, 2),
(875, 26, 1, 30),
(876, 50, 1, 9),
(876, 25, 1, 2),
(877, 1, 1, 35),
(878, 26, 1, 30),
(878, 62, 1, 14),
(878, 80, 1, 12),
(879, 92, 1, 12),
(880, 79, 1, 17),
(880, 52, 1, 9),
(881, 12, 1, 6),
(882, 39, 1, 10),
(883, 50, 1, 9),
(883, 110, 1, 15),
(884, 82, 1, 8),
(884, 53, 1, 12),
(885, 16, 1, 15),
(886, 9, 1, 13),
(887, 99, 1, 10),
(888, 26, 2, 60),
(889, 26, 1, 30),
(890, 99, 1, 10),
(891, 1, 1, 35),
(892, 34, 4, 12),
(892, 97, 1, 9),
(893, 114, 1, 12),
(894, 26, 1, 30),
(895, 81, 2, 20),
(895, 38, 1, 15),
(896, 79, 1, 17),
(897, 52, 1, 9),
(898, 52, 1, 9),
(899, 52, 1, 9),
(900, 52, 1, 9),
(901, 92, 1, 12),
(901, 119, 1, 18),
(902, 26, 1, 30),
(903, 43, 1, 10),
(903, 52, 1, 9),
(904, 60, 1, 12),
(905, 25, 1, 2),
(906, 102, 1, 16),
(906, 80, 1, 12),
(907, 22, 1, 15),
(908, 24, 1, 25),
(908, 50, 1, 9),
(909, 26, 1, 30),
(910, 25, 2, 4),
(911, 85, 1, 10),
(912, 85, 1, 10),
(913, 39, 1, 10),
(913, 56, 1, 1),
(914, 64, 1, 12),
(914, 25, 1, 2),
(915, 65, 1, 10),
(916, 50, 1, 9),
(917, 93, 1, 10),
(918, 93, 1, 10),
(918, 25, 3, 6),
(918, 56, 3, 3),
(919, 44, 1, 12),
(920, 82, 1, 8),
(921, 92, 1, 12),
(922, 62, 1, 14),
(922, 25, 3, 6),
(923, 1, 1, 35),
(923, 112, 1, 12),
(924, 93, 1, 10),
(925, 25, 6, 12),
(926, 95, 1, 10),
(927, 65, 1, 10),
(927, 80, 1, 12),
(928, 39, 1, 10),
(929, 92, 1, 12),
(930, 26, 1, 30),
(930, 79, 1, 17),
(931, 7, 2, 28),
(932, 26, 1, 30),
(933, 24, 1, 25),
(933, 79, 1, 17),
(933, 92, 1, 12),
(934, 93, 1, 10),
(935, 26, 1, 30),
(935, 80, 1, 12),
(935, 37, 1, 12),
(936, 92, 1, 12),
(937, 93, 1, 10),
(938, 43, 1, 10),
(939, 25, 3, 6),
(939, 80, 1, 12),
(940, 69, 1, 15),
(940, 92, 1, 12),
(941, 112, 1, 12),
(941, 38, 1, 15),
(942, 12, 1, 6),
(943, 92, 1, 12),
(943, 80, 1, 12),
(943, 22, 1, 15),
(943, 44, 1, 12),
(944, 12, 1, 6),
(945, 67, 1, 7),
(946, 22, 1, 15),
(947, 67, 1, 7),
(948, 113, 1, 10),
(949, 25, 1, 2),
(950, 68, 1, 12),
(951, 113, 1, 10),
(952, 49, 1, 9),
(953, 7, 1, 14),
(954, 26, 1, 30),
(955, 92, 1, 12),
(956, 93, 1, 10),
(957, 26, 1, 30),
(958, 93, 1, 10),
(959, 26, 1, 30),
(960, 26, 1, 30),
(961, 26, 1, 30),
(962, 26, 1, 30),
(963, 26, 1, 30),
(964, 26, 1, 30),
(965, 119, 1, 18),
(965, 53, 1, 12),
(965, 92, 1, 12),
(966, 26, 1, 30),
(967, 26, 1, 30),
(968, 1, 1, 35),
(969, 26, 1, 30),
(970, 26, 1, 30),
(971, 46, 1, 35),
(972, 92, 1, 12),
(973, 92, 1, 12),
(973, 93, 1, 10),
(974, 48, 1, 18),
(974, 83, 1, 12),
(975, 25, 2, 4),
(976, 26, 1, 30),
(977, 23, 1, 15),
(978, 2, 1, 9),
(979, 67, 1, 7),
(980, 50, 1, 9),
(981, 119, 1, 18),
(982, 43, 1, 10),
(983, 26, 1, 30),
(984, 81, 1, 10),
(984, 25, 1, 2),
(985, 60, 1, 12),
(986, 44, 1, 12),
(986, 57, 1, 16),
(987, 69, 1, 15),
(987, 50, 1, 9),
(988, 7, 1, 14),
(988, 65, 1, 10),
(989, 79, 1, 17),
(989, 60, 1, 12),
(989, 80, 1, 12),
(990, 12, 1, 6),
(991, 17, 1, 14),
(992, 14, 1, 8),
(992, 81, 2, 20),
(993, 50, 1, 9),
(994, 120, 1, 45),
(995, 120, 1, 45),
(995, 48, 1, 18),
(996, 67, 1, 7),
(996, 43, 1, 10),
(997, 43, 1, 10),
(998, 34, 4, 12),
(999, 69, 1, 15),
(999, 50, 1, 9),
(1000, 106, 1, 14),
(1000, 99, 1, 10),
(1000, 56, 1, 1),
(1001, 26, 1, 30),
(1001, 60, 1, 12),
(1001, 96, 1, 12),
(1002, 26, 1, 30),
(1003, 23, 1, 15),
(1004, 25, 10, 20),
(1005, 64, 1, 12),
(1006, 117, 1, 15),
(1007, 59, 1, 15),
(1008, 102, 1, 16),
(1009, 102, 1, 16),
(1010, 99, 1, 10),
(1010, 63, 1, 9),
(1011, 93, 1, 10),
(1012, 63, 1, 9),
(1013, 65, 1, 10),
(1014, 92, 1, 12),
(1015, 70, 2, 30),
(1015, 92, 1, 12),
(1016, 50, 1, 9),
(1017, 99, 1, 10),
(1018, 26, 1, 30),
(1019, 92, 1, 12),
(1020, 69, 1, 15),
(1020, 117, 1, 15),
(1021, 93, 1, 10),
(1021, 67, 1, 7),
(1022, 26, 1, 30),
(1022, 67, 1, 7),
(1023, 43, 1, 10),
(1023, 37, 1, 12),
(1023, 7, 1, 14),
(1024, 92, 1, 12),
(1025, 43, 1, 10),
(1025, 39, 1, 10),
(1026, 99, 1, 10),
(1026, 93, 1, 10),
(1027, 45, 1, 15),
(1028, 44, 1, 12),
(1028, 52, 1, 9),
(1029, 92, 1, 12),
(1030, 80, 1, 12),
(1031, 92, 1, 12),
(1032, 117, 1, 15),
(1033, 50, 1, 9),
(1033, 25, 3, 6),
(1033, 44, 1, 12),
(1034, 70, 1, 15),
(1035, 70, 1, 15),
(1035, 117, 1, 15),
(1036, 56, 2, 2),
(1037, 70, 1, 15),
(1038, 81, 1, 10),
(1038, 113, 1, 10),
(1039, 42, 1, 18),
(1040, 56, 4, 4),
(1041, 114, 1, 12),
(1042, 10, 1, 14),
(1043, 35, 1, 13),
(1043, 95, 1, 10),
(1044, 97, 1, 9),
(1045, 60, 1, 12),
(1046, 93, 1, 10),
(1047, 67, 1, 7),
(1048, 52, 1, 9),
(1049, 9, 1, 13),
(1050, 121, 1, 5),
(1051, 83, 1, 12),
(1051, 97, 1, 9),
(1051, 4, 1, 15),
(1052, 26, 1, 30),
(1053, 26, 1, 30),
(1054, 86, 2, 36),
(1054, 12, 1, 6),
(1054, 53, 1, 12),
(1055, 67, 1, 7),
(1055, 56, 1, 1),
(1056, 26, 1, 30),
(1057, 25, 2, 4),
(1058, 21, 3, 3),
(1059, 26, 1, 30),
(1060, 26, 1, 30),
(1061, 26, 1, 30),
(1062, 26, 1, 30),
(1063, 103, 1, 15),
(1063, 52, 1, 9),
(1064, 119, 1, 18),
(1065, 26, 1, 30),
(1066, 26, 1, 30),
(1067, 26, 1, 30),
(1068, 26, 1, 30),
(1069, 26, 1, 30),
(1070, 119, 1, 18),
(1070, 39, 1, 10),
(1071, 80, 1, 12),
(1072, 21, 1, 1),
(1072, 25, 1, 2),
(1073, 52, 1, 9),
(1074, 81, 2, 20),
(1075, 43, 1, 10),
(1075, 113, 1, 10),
(1076, 103, 1, 15),
(1077, 92, 1, 12),
(1078, 39, 1, 10),
(1079, 99, 1, 10),
(1079, 65, 1, 10),
(1080, 103, 1, 15),
(1080, 60, 1, 12),
(1080, 53, 1, 12),
(1081, 103, 1, 15),
(1082, 26, 1, 30),
(1083, 103, 1, 15),
(1083, 12, 1, 6),
(1084, 26, 1, 30),
(1085, 53, 1, 12),
(1086, 14, 1, 8),
(1087, 92, 1, 12),
(1088, 53, 2, 24),
(1089, 83, 1, 12),
(1090, 58, 1, 10),
(1091, 81, 2, 20),
(1091, 95, 1, 10),
(1092, 88, 1, 20),
(1092, 83, 1, 12),
(1093, 12, 1, 6),
(1094, 81, 2, 20),
(1094, 82, 1, 8),
(1095, 26, 1, 30),
(1096, 105, 1, 15),
(1097, 8, 1, 12),
(1097, 52, 1, 9),
(1097, 21, 1, 1),
(1098, 56, 1, 1),
(1099, 80, 1, 12),
(1099, 105, 1, 15),
(1100, 50, 1, 9),
(1101, 114, 1, 12),
(1101, 69, 1, 15),
(1102, 81, 1, 10),
(1103, 103, 1, 15),
(1103, 82, 1, 8),
(1104, 52, 1, 9),
(1105, 69, 1, 15),
(1105, 50, 1, 9),
(1105, 44, 1, 12),
(1106, 90, 1, 22),
(1106, 36, 1, 16),
(1107, 26, 1, 30),
(1107, 7, 1, 14),
(1108, 26, 1, 30),
(1108, 60, 1, 12),
(1109, 122, 1, 12),
(1109, 33, 1, 15),
(1110, 26, 1, 30),
(1110, 93, 1, 10),
(1110, 53, 1, 12),
(1111, 93, 1, 10),
(1112, 80, 1, 12),
(1112, 50, 1, 9),
(1113, 92, 1, 12),
(1114, 92, 1, 12),
(1115, 92, 1, 12),
(1116, 69, 1, 15),
(1117, 122, 1, 12),
(1118, 122, 3, 36),
(1119, 12, 1, 6),
(1120, 16, 1, 15),
(1121, 44, 1, 12),
(1121, 69, 1, 15),
(1122, 93, 1, 10),
(1122, 25, 1, 2),
(1123, 44, 1, 12),
(1123, 23, 1, 15),
(1124, 103, 1, 15),
(1124, 122, 1, 12),
(1125, 26, 1, 30),
(1126, 67, 1, 7),
(1126, 93, 1, 10),
(1126, 122, 1, 12),
(1127, 93, 1, 10),
(1127, 122, 1, 12),
(1128, 26, 1, 30),
(1129, 93, 1, 10),
(1129, 60, 1, 12),
(1130, 26, 1, 30),
(1131, 69, 1, 15),
(1132, 33, 1, 15),
(1132, 67, 1, 7),
(1133, 63, 1, 9),
(1133, 25, 1, 2),
(1134, 93, 1, 10),
(1134, 123, 1, 20),
(1135, 93, 1, 10),
(1136, 25, 2, 4),
(1137, 105, 1, 15),
(1138, 50, 1, 9),
(1139, 7, 1, 14),
(1139, 50, 1, 9),
(1139, 25, 1, 2),
(1140, 44, 1, 12),
(1141, 113, 1, 10),
(1141, 53, 1, 12),
(1142, 25, 1, 2),
(1142, 33, 1, 15),
(1143, 69, 1, 15),
(1143, 33, 1, 15),
(1143, 102, 1, 16),
(1144, 102, 1, 16),
(1145, 26, 1, 30),
(1145, 93, 1, 10),
(1146, 103, 1, 15),
(1146, 93, 1, 10),
(1147, 103, 1, 15),
(1147, 123, 1, 20),
(1147, 80, 1, 12),
(1148, 26, 1, 30),
(1149, 26, 1, 30),
(1149, 80, 1, 12),
(1150, 26, 1, 30),
(1151, 45, 1, 15),
(1151, 67, 1, 7),
(1151, 2, 1, 9),
(1152, 70, 1, 15),
(1153, 93, 1, 10),
(1153, 43, 1, 10),
(1153, 70, 1, 15),
(1154, 92, 1, 12),
(1154, 50, 1, 9),
(1155, 65, 1, 10),
(1156, 41, 2, 40),
(1156, 92, 1, 12),
(1157, 103, 1, 15),
(1157, 121, 1, 5),
(1157, 92, 1, 12),
(1158, 50, 1, 9),
(1158, 44, 1, 12),
(1159, 44, 1, 12),
(1159, 50, 1, 9),
(1160, 92, 1, 12),
(1160, 93, 1, 10),
(1161, 70, 1, 15),
(1161, 80, 1, 12),
(1162, 113, 1, 10),
(1163, 24, 1, 25),
(1164, 45, 1, 15),
(1165, 5, 1, 22),
(1165, 80, 1, 12),
(1166, 50, 1, 9),
(1167, 26, 1, 30),
(1167, 43, 1, 10),
(1168, 81, 2, 20),
(1168, 39, 1, 10),
(1169, 80, 1, 12),
(1170, 99, 1, 10),
(1170, 92, 1, 12),
(1170, 60, 1, 12),
(1171, 28, 1, 14),
(1171, 80, 1, 12),
(1172, 24, 1, 25),
(1172, 50, 1, 9),
(1173, 67, 1, 7),
(1174, 25, 3, 6),
(1175, 25, 1, 2),
(1176, 123, 1, 20),
(1177, 33, 1, 15),
(1177, 36, 1, 16),
(1178, 33, 1, 15),
(1179, 56, 3, 3),
(1180, 64, 1, 12),
(1181, 50, 1, 9),
(1181, 81, 1, 10);

-- --------------------------------------------------------

--
-- Estructura de tabla para la tabla `grupo`
--

CREATE TABLE `grupo` (
  `idGrupo` int(11) NOT NULL,
  `nivel` varchar(200) DEFAULT NULL,
  `grado` varchar(45) DEFAULT NULL,
  `grupo` varchar(45) DEFAULT NULL
) ENGINE=InnoDB DEFAULT CHARSET=utf8;

--
-- Volcado de datos para la tabla `grupo`
--

INSERT INTO `grupo` (`idGrupo`, `nivel`, `grado`, `grupo`) VALUES
(1, 'Kinder', '1', 'Green'),
(2, 'Kinder', '1', 'Yellow'),
(3, 'Kinder', '2', 'Yellow'),
(4, 'Nursery', '1', 'Green'),
(5, 'Nursery', '2', 'Yellow'),
(6, 'Nursery', '2', 'Green'),
(7, 'Kinder', '2', 'Green'),
(8, 'Kinder', '3', 'Yellow'),
(9, 'Kinder', '3', 'Green'),
(10, 'Prefirst', '1', 'Prefirst'),
(11, 'Nursery', '1', 'Yellow'),
(12, 'Primaria', '1', 'A'),
(13, 'Primaria', '1', 'B'),
(14, 'Primaria', '2', 'A'),
(15, 'Primaria', '2', 'B'),
(16, 'Primaria', '3', 'A'),
(17, 'Primaria', '3', 'B'),
(18, 'Primaria', '4', 'A'),
(19, 'Primaria', '4', 'B'),
(20, 'Primaria', '5', 'A'),
(21, 'Primaria', '5', 'B'),
(22, 'Primaria', '6', 'A'),
(23, 'Primaria', '6', 'B'),
(24, 'Secundaria', '7', 'A'),
(25, 'Secundaria', '7', 'B'),
(26, 'Secundaria', '8', 'A'),
(27, 'Secundaria', '8', 'B'),
(28, 'Secundaria', '9', 'A'),
(29, 'Secundaria', '9', 'B'),
(30, 'N/A', 'N/A', 'Sin grupo'),
(31, 'Kinder', '1', 'Red'),
(32, 'Kinder', '2', 'Red'),
(33, 'Kinder', '3', 'Red');

-- --------------------------------------------------------

--
-- Estructura de tabla para la tabla `marca`
--

CREATE TABLE `marca` (
  `idMarca` int(11) NOT NULL,
  `nombre` varchar(255) DEFAULT NULL
) ENGINE=InnoDB DEFAULT CHARSET=utf8;

--
-- Volcado de datos para la tabla `marca`
--

INSERT INTO `marca` (`idMarca`, `nombre`) VALUES
(1, 'Members Mark'),
(2, 'Ciel'),
(3, 'Del Valle'),
(4, 'Ades'),
(5, 'Coca Cola'),
(6, 'Alpura'),
(7, 'Bimbo'),
(8, 'El original'),
(9, 'Propia'),
(10, 'Toyitos'),
(11, 'Holanda'),
(12, 'Marinela'),
(13, 'Tía'),
(14, 'Nabisco'),
(15, 'Gamesa'),
(16, 'Barcel'),
(17, 'Sanisimo'),
(18, 'Chef Mart'),
(19, 'Nipon'),
(20, 'Florentino'),
(21, 'Adams'),
(22, 'Alpino'),
(23, 'Diaz/Villita'),
(24, 'Panisimo'),
(25, 'Paris'),
(26, 'Tuni'),
(27, 'Chili Chon');

-- --------------------------------------------------------

--
-- Estructura de tabla para la tabla `producto`
--

CREATE TABLE `producto` (
  `idProducto` int(11) NOT NULL,
  `nombre` varchar(255) DEFAULT NULL,
  `precio` double DEFAULT NULL,
  `detalles` varchar(255) DEFAULT NULL,
  `Categoria_idCategoria` int(11) NOT NULL,
  `Marca_idMarca` int(11) NOT NULL,
  `codigo` varchar(255) DEFAULT NULL
) ENGINE=InnoDB DEFAULT CHARSET=utf8;

--
-- Volcado de datos para la tabla `producto`
--

INSERT INTO `producto` (`idProducto`, `nombre`, `precio`, `detalles`, `Categoria_idCategoria`, `Marca_idMarca`, `codigo`) VALUES
(1, 'Adicional del Dia', 35, 'Variado', 7, 9, 'BSTR_1'),
(2, 'Agua fresa 355', 9, '', 1, 9, 'BSTR_2'),
(3, 'agua jamaica', 10, 'Fruta Natural ', 1, 9, 'BSTR_3'),
(4, 'Arroz con leche ', 15, 'Arroz con leche ', 3, 9, 'BSTR_4'),
(5, 'Baguette', 22, 'Jamon con Queso Choriqueso', 7, 9, 'BSTR_5'),
(6, 'Baguette Pastor', 30, 'Pastor con Queso', 7, 9, 'BSTR_6'),
(7, 'Barritas ', 14, 'Fresa o pin_a', 5, 9, 'BSTR_7'),
(8, 'Bigotes', 12, 'Bigotes', 5, 9, 'BSTR_8'),
(9, 'Bimbunuelos', 13, 'Bimbunuelos', 5, 9, 'BSTR_9'),
(10, 'Botella de Agua 1 Lt Natural', 14, 'Natural', 1, 9, 'BSTR_10'),
(11, 'Botella de Agua 1 Lt. Sabores', 16, 'Varios Sabores', 1, 9, 'BSTR_11'),
(12, 'Botella de Agua 500 ml', 6, 'Natural', 1, 9, 'BSTR_12'),
(13, 'Bran Frut ', 10, 'Fresa o pin_a', 5, 9, 'BSTR_13'),
(14, 'Cacahuate nipon', 8, 'Tostado', 5, 9, 'BSTR_14'),
(15, 'Cafe Colombiano', 13, 'Colombiano ', 1, 9, 'BSTR_15'),
(16, 'Cafe Capuccion', 15, 'Capucchino', 1, 9, 'BSTR_16'),
(17, 'Canelitas', 14, 'Canelitas', 5, 9, 'BSTR_17'),
(18, 'Charola de Fruta ', 23, 'de la temporada ', 7, 9, 'BSTR_18'),
(19, 'Charola de Verdura', 20, 'Zanahoria Jicama Pepino Betabel', 7, 9, 'BSTR_19'),
(20, 'Charola de Verdura con Cacahuate', 25, 'Zanahoria Jicama Pepino Betabel', 7, 9, 'BSTR_20'),
(21, 'Chilichon', 1, 'Sobre', 9, 9, 'BSTR_21'),
(22, 'Choco Crem', 15, 'Chocolate', 5, 9, 'BSTR_22'),
(23, 'Chocorroles', 15, 'Pina', 5, 9, 'BSTR_23'),
(24, 'Cuernito', 25, 'Jamon Queso ', 7, 9, 'BSTR_24'),
(25, 'Demint', 2, 'Variado', 9, 9, 'BSTR_25'),
(26, 'Desayuno Paquete kids', 30, 'Variado', 7, 9, 'BSTR_26'),
(27, 'Desechable', 1, 'Vaso Cuchara Tenedor', 8, 9, 'BSTR_27'),
(28, 'Donitas espolvoreadas', 14, 'Donitas espolvoreadas', 5, 9, 'BSTR_28'),
(29, 'Empanada', 10, 'Queso  ', 7, 9, 'BSTR_29'),
(30, 'Ensalada de atun', 40, 'Vegetales', 7, 9, 'BSTR_30'),
(31, 'Esquite', 18, 'de Maiz', 5, 9, 'BSTR_31'),
(32, 'Flan', 15, 'De leche ', 3, 9, 'BSTR_32'),
(33, 'Fuze tea ', 15, '', 1, 5, 'BSTR_33'),
(34, 'salmas', 3, 'tortilla de Maiz', 5, 9, 'BSTR_34'),
(35, 'Galletas marias', 13, 'Marias', 5, 9, 'BSTR_35'),
(36, 'Galletas sponch', 16, 'Sponch', 5, 12, 'BSTR_36'),
(37, 'Galletas triki trakes', 12, 'Triki Trakes', 5, 12, 'BSTR_37'),
(38, 'Gelatina ', 15, 'Mozaico', 3, 9, 'BSTR_38'),
(39, 'Helados', 10, 'Varios ', 3, 9, 'BSTR_39'),
(40, 'Hojaldra', 16, 'Jamon Queso azucarada', 7, 9, 'BSTR_40'),
(41, 'Hot dog con Papas', 20, 'Alpino Francesa', 7, 9, 'BSTR_41'),
(42, 'Hot dog preparado', 18, 'Jamon Queso', 7, 9, 'BSTR_42'),
(43, 'Hot dog sencillo', 10, 'Aderezos', 7, 9, 'BSTR_43'),
(44, 'Hot Nuts ', 12, 'Variado', 5, 9, 'BSTR_44'),
(45, 'Huevito kids', 15, 'Jamon /Salchicha', 7, 9, 'BSTR_45'),
(46, 'Huevo orden adulto', 35, 'Preparados', 7, 9, 'BSTR_46'),
(47, 'Jugo natural  medio litro Naranja', 15, 'Naranja', 1, 9, 'BSTR_47'),
(48, 'Jugo medio litro Verde', 18, 'Verde  Combinado ', 1, 9, 'BSTR_48'),
(49, 'Jugo 250 ml Saborizado', 9, 'Saborizado minibrick', 1, 3, 'BSTR_49'),
(50, 'Jugo 355 ml naranja', 9, 'naranja', 1, 3, 'BSTR_50'),
(51, 'Jugo 600 ml Sabores', 15, 'Saborizado', 1, 3, 'BSTR_51'),
(52, 'Jugo de Soya 200 ml naranja', 9, 'Saborizado', 1, 9, 'BSTR_52'),
(53, 'Lechita  gansito', 12, 'Saborizado', 1, 9, 'BSTR_53'),
(54, 'Malanga', 22, 'Varios', 5, 9, 'BSTR_54'),
(55, 'Mantecadas', 14, 'Mantecadas', 5, 9, 'BSTR_55'),
(56, 'Miguelito', 1, 'Sobre', 9, 9, 'BSTR_56'),
(57, 'Mordisco', 16, 'Galleta de chocolate ', 5, 11, 'BSTR_57'),
(58, 'multi grano', 10, '', 5, 7, 'BSTR_58'),
(59, 'Nachos', 15, 'Totopos de Maiz', 5, 9, 'BSTR_59'),
(60, 'Nito', 12, 'Chocolate', 5, 9, 'BSTR_60'),
(61, 'Oreo', 14, 'Oreo', 5, 9, 'BSTR_61'),
(62, 'Paleta bubbaloo', 14, 'Bubbaloo', 4, 11, 'BSTR_62'),
(63, 'paleta kolorix', 9, 'Kolorix', 4, 9, 'BSTR_63'),
(64, 'Paleta pelon', 12, 'Pelon', 4, 9, 'BSTR_64'),
(65, 'Paleta pinta lengua', 10, 'Pinta Lengua', 4, 9, 'BSTR_65'),
(66, 'Paleta solero', 12, 'Solero', 4, 9, 'BSTR_66'),
(67, 'Palomitas Chicas', 7, 'de Maiz', 5, 9, 'BSTR_67'),
(68, 'Palomitas Grandes', 12, 'de Maiz', 5, 9, 'BSTR_68'),
(69, 'Pambazo', 15, 'Frijol Chorizo Queso', 7, 9, 'BSTR_69'),
(70, 'Papas ', 15, 'Francesa', 5, 9, 'BSTR_70'),
(71, 'Picada preparada', 15, 'Preparada', 7, 9, 'BSTR_71'),
(72, 'Picada sencilla', 8, 'Sencilla', 7, 9, 'BSTR_72'),
(73, 'Pizza ', 12, 'Peperoni', 7, 9, 'BSTR_73'),
(74, 'Pizza con Papas', 20, 'Peperoni Francesa', 7, 9, 'BSTR_74'),
(75, 'Platanitos Dulces', 13, 'Dulces', 5, 9, 'BSTR_75'),
(76, 'Platanitos Salados', 13, 'Salados', 5, 9, 'BSTR_76'),
(77, 'Platanos Fritos', 20, 'Crema y Queso', 5, 9, 'BSTR_77'),
(78, 'Polvorones', 14, 'Polvorones', 5, 3, 'BSTR_78'),
(79, 'Powerade saborizado', 17, 'Saborizado  ', 1, 9, 'BSTR_79'),
(80, 'Principe', 12, 'Chocolate, blanco o limon', 5, 9, 'BSTR_80'),
(81, 'Quesadilla', 10, 'Queso de hebra  Manchego', 7, 9, 'BSTR_81'),
(82, 'Rebanadas', 8, 'Rebanadas', 5, 9, 'BSTR_82'),
(83, 'Refresco  bot 355 ml', 12, 'Normal ', 1, 9, 'BSTR_83'),
(84, 'Refresco lata ', 15, ' ', 1, 9, 'BSTR_84'),
(85, 'Salchicha Asada', 10, 'de pavo', 7, 9, 'BSTR_85'),
(86, 'Sandwich', 18, 'Jamon Queso', 7, 9, 'BSTR_86'),
(87, 'Santa Clara', 10, 'Saborizada', 1, 9, 'BSTR_87'),
(88, 'Sincronizada', 20, 'Jamon Queso Choriqueso', 7, 9, 'BSTR_88'),
(89, 'Sincronizada Pastor', 25, 'Pastor con Queso', 7, 9, 'BSTR_89'),
(90, 'Torta ', 22, 'Jamon Queso Choriqueso', 7, 9, 'BSTR_90'),
(91, 'Torta  Pastor', 30, 'Pastor con Queso', 7, 9, 'BSTR_91'),
(92, 'Toyitos  de leche', 12, 'De leche ', 4, 9, 'BSTR_92'),
(93, 'Toyitos de agua', 10, 'De Agua ', 4, 9, 'BSTR_93'),
(94, 'Vaso de Fruta', 15, 'de la Temporada', 7, 9, 'BSTR_94'),
(95, 'Vaso de Verdura ', 10, 'Zanahoria Jicama Pepino Betabel', 7, 9, 'BSTR_95'),
(96, 'Yogurht', 12, 'Saborizado', 1, 9, 'BSTR_96'),
(97, 'Ritz ', 9, '', 5, 14, 'BSTR_97'),
(98, 'Brownies ', 20, 'galleta con chocolate ', 5, 9, 'BSTR_98'),
(99, ' conchita ', 10, 'pan dulce ', 1, 24, 'BSTR_99'),
(100, 'waffles', 12, 'waffle', 1, 9, 'BSTR_100'),
(101, 'conchita preparada ', 18, '', 7, 24, 'BSTR_101'),
(102, 'pinguinos', 16, 'pastelito de chocolate ', 5, 7, 'BSTR_102'),
(103, 'enfrijoladas', 15, 'tortillas con frijol y queso sencillas', 7, 9, 'BSTR_103'),
(104, 'sopes', 15, '', 7, 9, 'BSTR_104'),
(105, 'quesadilla  de champiñon', 15, '', 7, 9, 'BSTR_105'),
(106, 'madalenas', 14, '', 7, 7, 'BSTR_106'),
(107, 'doraditas', 14, '', 5, 7, 'BSTR_107'),
(108, 'ensalada de nopal', 35, '', 7, 9, 'BSTR_108'),
(109, 'burrito de huevo', 9, '', 7, 9, 'BSTR_109'),
(110, 'espaguetti', 15, '', 7, 9, 'BSTR_110'),
(111, 'media orden de desayuno adicional', 18, '', 7, 9, 'BSTR_111'),
(112, 'agua de fruta natural ', 12, '', 1, 9, 'BSTR_112'),
(113, 'chips', 10, '', 7, 12, 'BSTR_113'),
(114, 'aguia horchata', 12, '', 1, 9, 'BSTR_114'),
(115, 'enfrijoladas rellenas de 3', 27, '', 7, 9, 'BSTR_115'),
(116, 'tacos dorados media orden ', 15, '', 7, 9, 'BSTR_116'),
(117, 'muffin', 15, '', 5, 9, 'BSTR_117'),
(118, 'atun kid ', 18, '', 7, 9, 'BSTR_118'),
(119, 'tortitas de pollo', 18, '', 7, 9, 'BSTR_119'),
(120, 'club sandwich', 45, '', 7, 9, 'BSTR_120'),
(121, 'agua de limon chica ', 5, '', 1, 9, 'BSTR_121'),
(122, 'dona ', 12, '', 5, 1, 'BSTR_122'),
(123, 'gatorade', 20, '', 1, 1, 'BSTR_123');

-- --------------------------------------------------------

--
-- Estructura de tabla para la tabla `usuario`
--

CREATE TABLE `usuario` (
  `idUsuario` int(11) NOT NULL,
  `nombre` varchar(255) DEFAULT NULL,
  `usuario` varchar(25) DEFAULT NULL,
  `password` varchar(255) DEFAULT NULL
) ENGINE=InnoDB DEFAULT CHARSET=utf8;

--
-- Volcado de datos para la tabla `usuario`
--

INSERT INTO `usuario` (`idUsuario`, `nombre`, `usuario`, `password`) VALUES
(4, 'Abigail', 'abi123', 'abi123'),
(5, 'Bastar', 'bastar123', 'bastar123'),
(6, 'Aarón', 'aaron123', 'aaron123'),
(7, 'Davir', 'david123', 'david123'),
(8, 'Ele', 'l', 'l'),
(9, 'Raquel', 'raque', 'ra123');

-- --------------------------------------------------------

--
-- Estructura de tabla para la tabla `venta`
--

CREATE TABLE `venta` (
  `idVenta` int(11) NOT NULL,
  `nota` varchar(255) DEFAULT NULL,
  `fechahora` timestamp NULL DEFAULT CURRENT_TIMESTAMP,
  `total` double DEFAULT NULL,
  `Cliente_idCliente` int(11) NOT NULL
) ENGINE=InnoDB DEFAULT CHARSET=utf8;

--
-- Volcado de datos para la tabla `venta`
--

INSERT INTO `venta` (`idVenta`, `nota`, `fechahora`, `total`, `Cliente_idCliente`) VALUES
(6, '', '2018-05-07 16:07:09', 29, 1),
(7, '', '2018-05-07 16:07:27', 33, 1),
(8, '', '2018-05-07 16:36:58', 209, 1),
(9, '', '2018-05-07 20:07:58', 27, 1),
(10, '', '2018-05-07 20:09:16', 7, 1),
(11, '', '2018-05-23 13:54:29', 12, 1),
(12, '', '2018-05-23 14:01:02', 10, 1),
(13, '', '2018-05-23 14:08:10', 10, 1),
(14, '', '2018-05-23 14:09:50', 18, 1),
(15, '', '2018-05-23 14:11:30', 10, 1),
(16, '', '2018-05-23 14:12:53', 12, 1),
(17, '', '2018-05-23 14:19:13', 53, 1),
(18, '', '2018-05-23 14:22:57', 10, 1),
(19, '', '2018-05-23 14:27:28', 30, 1),
(20, '', '2018-05-23 14:38:32', 9, 1),
(21, '', '2018-05-23 17:11:55', 15, 1),
(22, '', '2018-05-23 17:32:51', 30, 1),
(23, '', '2018-05-23 17:33:54', 11, 1),
(24, '', '2018-05-30 18:40:33', 6, 1),
(25, '', '2018-05-30 18:40:45', 6, 1),
(26, '', '2018-06-26 18:09:32', 40, 343),
(27, '', '2018-06-26 18:10:50', 10, 343),
(28, '', '2018-06-27 14:05:39', 24, 343),
(29, '', '2018-06-27 16:49:52', 10, 343),
(30, '', '2018-06-27 16:52:42', 6, 318),
(31, '', '2018-06-28 15:13:24', 22, 343),
(32, '', '2018-06-28 18:03:39', 15, 343),
(33, '', '2018-06-28 18:32:52', 10, 343),
(34, '', '2018-06-28 19:21:58', 16, 318),
(35, '', '2018-06-28 19:38:05', 10, 343),
(36, '', '2018-07-02 16:50:28', 13, 318),
(37, '', '2018-07-02 16:54:44', 6, 318),
(38, '', '2018-07-11 17:41:47', 38, 527),
(39, '', '2018-08-02 15:57:10', 15, 586),
(40, '', '2018-08-08 13:44:12', 74, 1),
(41, '', '2018-08-14 02:16:38', 9, 586),
(42, '', '2018-08-14 02:50:46', 9, 586),
(43, '', '2018-08-16 13:21:58', 31, 605),
(44, '', '2018-08-16 14:13:36', 45, 586),
(45, '', '2018-08-16 14:13:39', 45, 586),
(46, '', '2018-08-16 14:13:43', 45, 586),
(47, '', '2018-08-16 14:13:43', 45, 586),
(48, '', '2018-08-16 14:13:58', 45, 586),
(49, '', '2018-08-16 14:13:59', 45, 586),
(50, '', '2018-08-16 14:17:08', 15, 586),
(51, '', '2018-08-16 14:17:47', 30, 586),
(52, '', '2018-08-16 15:28:44', 60, 590),
(53, '', '2018-08-16 15:31:44', 12, 602),
(54, '', '2018-08-16 16:17:04', 30, 605),
(55, '', '2018-08-16 16:18:02', 12, 605),
(56, '', '2018-08-16 16:19:18', 12, 586),
(57, '', '2018-08-16 17:33:54', 57, 599),
(58, '', '2018-08-16 19:43:40', 14, 590),
(59, '', '2018-08-17 12:21:27', 14, 590),
(60, '', '2018-08-17 12:46:55', 59, 602),
(61, '', '2018-08-17 12:48:36', 44, 597),
(62, '', '2018-08-17 13:44:11', 32, 605),
(63, '', '2018-08-17 13:52:16', 60, 599),
(64, '', '2018-08-17 14:07:40', 34, 596),
(65, '', '2018-08-17 14:17:50', 40, 586),
(66, '', '2018-08-17 15:36:52', 14, 588),
(67, '', '2018-08-17 15:39:53', 45, 590),
(68, '', '2018-08-17 15:43:01', 39, 603),
(69, '', '2018-08-17 15:59:24', 16, 602),
(70, '', '2018-08-17 16:04:12', 46, 598),
(71, '', '2018-08-17 16:46:27', 33, 600),
(72, '', '2018-08-17 16:57:29', 12, 605),
(73, '', '2018-08-17 17:00:07', 30, 605),
(74, '', '2018-08-20 13:17:55', 60, 597),
(75, '', '2018-08-20 14:27:19', 49, 596),
(76, '', '2018-08-20 14:28:15', 59, 599),
(77, '', '2018-08-20 14:28:55', 35, 592),
(78, '', '2018-08-20 14:37:12', 67, 343),
(79, '', '2018-08-20 14:56:00', 35, 601),
(80, '', '2018-08-20 14:56:41', 47, 594),
(81, '', '2018-08-20 14:57:41', 39, 598),
(82, '', '2018-08-20 15:59:07', 28, 343),
(83, '', '2018-08-20 16:07:08', 61, 527),
(84, '', '2018-08-20 16:12:16', 14, 594),
(85, '', '2018-08-20 17:31:10', 39, 527),
(86, '', '2018-08-20 18:17:07', 12, 343),
(87, '', '2018-08-20 18:21:40', 12, 601),
(88, '', '2018-08-20 18:32:07', 15, 527),
(89, '', '2018-08-20 18:38:37', 12, 595),
(90, '', '2018-08-20 18:39:33', 14, 603),
(91, '', '2018-08-20 18:40:05', 24, 527),
(92, '', '2018-08-20 18:43:39', 15, 595),
(93, '', '2018-08-20 18:51:29', 15, 343),
(94, '', '2018-08-20 19:32:13', 35, 597),
(95, '', '2018-08-20 20:19:05', 24, 527),
(96, '', '2018-08-21 13:21:09', 33, 592),
(97, '', '2018-08-21 13:21:49', 54, 596),
(98, '', '2018-08-21 13:22:37', 34, 594),
(99, '', '2018-08-21 13:23:30', 40, 599),
(100, '', '2018-08-21 14:29:02', 27, 343),
(101, '', '2018-08-21 15:14:41', 40, 601),
(102, '', '2018-08-21 15:27:02', 27, 527),
(103, '', '2018-08-21 15:56:38', 6, 588),
(104, '', '2018-08-21 15:59:04', 7, 527),
(105, '', '2018-08-21 16:19:17', 20, 586),
(106, '', '2018-08-21 17:56:15', 12, 593),
(107, '', '2018-08-21 19:12:39', 90, 594),
(108, '', '2018-08-21 19:20:52', 15, 343),
(109, '', '2018-08-21 19:31:10', 42, 599),
(110, '', '2018-08-21 19:36:58', 15, 594),
(111, '', '2018-08-21 19:37:57', 12, 527),
(112, '', '2018-08-21 19:46:16', 30, 343),
(113, '', '2018-08-21 19:50:50', 27, 527),
(114, '', '2018-08-21 19:58:53', 37, 594),
(115, '', '2018-08-21 20:23:26', 10, 527),
(116, '', '2018-08-21 20:23:55', 10, 596),
(117, '', '2018-08-22 12:32:37', 35, 590),
(118, '', '2018-08-22 13:42:24', 15, 586),
(119, '', '2018-08-22 13:46:16', 80, 601),
(120, '', '2018-08-22 13:46:53', 35, 599),
(121, '', '2018-08-22 13:47:48', 44, 596),
(122, '', '2018-08-22 13:53:46', 154, 595),
(123, '', '2018-08-22 13:56:07', 47, 594),
(124, '', '2018-08-22 13:56:27', 35, 592),
(125, '', '2018-08-22 17:17:37', 12, 598),
(126, '', '2018-08-22 17:21:01', 50, 602),
(127, '', '2018-08-22 17:33:33', 12, 588),
(128, '', '2018-08-22 17:35:30', 16, 598),
(129, '', '2018-08-22 18:53:03', 15, 598),
(130, '', '2018-08-22 19:17:40', 22, 595),
(131, '', '2018-08-22 19:27:21', 12, 527),
(132, '', '2018-08-23 13:11:38', 40, 596),
(133, '', '2018-08-23 13:14:04', 63, 592),
(134, '', '2018-08-23 13:15:00', 43, 595),
(135, '', '2018-08-23 13:15:36', 34, 594),
(136, '', '2018-08-23 14:14:54', 50, 599),
(137, '', '2018-08-23 14:50:12', 76, 597),
(138, '', '2018-08-23 14:57:11', 10, 619),
(139, '', '2018-08-23 15:19:34', 14, 591),
(140, '', '2018-08-23 15:35:45', 20, 527),
(141, '', '2018-08-23 15:54:06', 9, 612),
(142, '', '2018-08-23 15:54:43', 12, 527),
(143, '', '2018-08-23 16:05:46', 32, 598),
(144, '', '2018-08-23 16:26:27', 15, 586),
(145, '', '2018-08-23 16:56:10', 28, 600),
(146, '', '2018-08-23 19:18:55', 32, 527),
(147, '', '2018-08-23 19:43:39', 12, 634),
(148, '', '2018-08-23 19:44:07', 15, 635),
(149, '', '2018-08-23 19:44:42', 15, 635),
(150, '', '2018-08-23 20:13:27', 206, 604),
(151, '', '2018-08-24 12:47:48', 12, 598),
(152, '', '2018-08-24 13:28:06', 10, 603),
(153, '', '2018-08-24 13:49:35', 77, 600),
(154, '', '2018-08-24 13:56:42', 45, 592),
(155, '', '2018-08-24 13:57:39', 47, 594),
(156, '', '2018-08-24 13:58:40', 29, 596),
(157, '', '2018-08-24 14:02:17', 18, 595),
(158, '', '2018-08-24 14:04:57', 35, 599),
(159, '', '2018-08-24 14:23:45', 35, 586),
(160, '', '2018-08-24 14:49:47', 38, 633),
(161, '', '2018-08-24 14:51:44', 24, 608),
(162, '', '2018-08-24 15:06:42', 10, 625),
(163, '', '2018-08-24 15:28:12', 30, 632),
(164, '', '2018-08-24 15:31:44', 12, 606),
(165, '', '2018-08-24 15:34:00', 39, 626),
(166, '', '2018-08-24 15:35:20', 12, 622),
(167, '', '2018-08-24 15:47:27', 54, 527),
(168, '', '2018-08-24 15:49:16', 12, 634),
(169, '', '2018-08-24 15:51:14', 22, 610),
(170, '', '2018-08-24 15:53:35', 22, 651),
(171, '', '2018-08-24 15:56:36', 57, 612),
(172, '', '2018-08-24 16:02:41', 23, 624),
(173, '', '2018-08-24 16:04:11', 17, 626),
(174, '', '2018-08-24 17:11:25', 15, 602),
(175, '', '2018-08-24 17:12:04', 14, 590),
(176, '', '2018-08-24 19:08:01', 36, 666),
(177, '', '2018-08-24 19:17:03', 33, 527),
(178, '', '2018-08-24 19:26:56', 10, 651),
(179, '', '2018-08-24 19:28:13', 12, 608),
(180, '', '2018-08-24 19:28:36', 12, 648),
(181, '', '2018-08-24 19:33:29', 60, 608),
(182, '', '2018-08-24 19:37:31', 15, 635),
(183, '', '2018-08-24 19:43:50', 24, 593),
(184, '', '2018-08-24 19:48:08', 100, 674),
(185, '', '2018-08-24 19:51:58', 50, 643),
(186, '', '2018-08-24 19:56:24', 120, 642),
(187, '', '2018-08-24 19:57:26', 14, 649),
(188, '', '2018-08-24 19:59:31', 25, 613),
(189, '', '2018-08-24 19:59:52', 10, 651),
(190, '', '2018-08-24 20:01:17', 36, 623),
(191, '', '2018-08-24 20:02:03', 25, 648),
(192, '', '2018-08-24 20:04:46', 12, 527),
(193, '', '2018-08-24 20:05:53', 90, 667),
(194, '', '2018-08-24 20:09:27', 27, 665),
(195, '', '2018-08-24 20:11:28', 66, 665),
(196, '', '2018-08-24 20:12:56', 24, 596),
(197, '', '2018-08-24 20:16:05', 50, 661),
(198, '', '2018-08-24 20:19:17', 38, 663),
(199, '', '2018-08-24 20:21:14', 88, 655),
(200, '', '2018-08-24 20:23:35', 60, 618),
(201, '', '2018-08-24 20:24:56', 20, 632),
(202, '', '2018-08-24 20:26:45', 51, 612),
(203, '', '2018-08-24 20:28:18', 36, 611),
(204, '', '2018-08-24 20:29:50', 58, 658),
(205, '', '2018-08-24 20:35:50', 160, 613),
(206, '', '2018-08-24 20:38:49', 17, 654),
(207, '', '2018-08-24 20:41:07', 26, 623),
(208, '', '2018-08-24 20:44:33', 120, 627),
(209, '', '2018-08-24 20:48:30', 60, 614),
(210, '', '2018-08-24 20:51:30', 90, 617),
(211, '', '2018-08-24 20:52:04', 120, 616),
(212, '', '2018-08-24 20:53:57', 120, 628),
(213, '', '2018-08-24 21:02:10', 120, 671),
(214, '', '2018-08-24 21:03:00', 120, 673),
(215, '', '2018-08-24 21:03:44', 120, 675),
(216, '', '2018-08-24 21:10:34', 69, 613),
(217, '', '2018-08-24 21:18:25', 42, 651),
(218, '', '2018-08-24 21:25:25', 38, 641),
(219, '', '2018-08-24 21:28:34', 64, 649),
(220, '', '2018-08-24 21:29:56', 28, 639),
(221, '', '2018-08-24 21:30:43', 1, 619),
(222, '', '2018-08-24 21:31:36', 15, 633),
(223, '', '2018-08-24 21:33:42', 141, 527),
(224, '', '2018-08-24 21:37:15', 24, 665),
(225, '', '2018-08-24 21:38:10', 13, 624),
(226, '', '2018-08-24 21:41:27', 97, 648),
(227, '', '2018-08-24 21:43:36', 2, 609),
(228, '', '2018-08-24 21:46:03', 17, 668),
(229, '', '2018-08-24 21:46:25', 17, 658),
(230, '', '2018-08-24 21:48:35', 12, 635),
(231, '', '2018-08-24 21:52:22', 120, 644),
(232, '', '2018-08-24 21:55:22', 19, 674),
(233, '', '2018-08-24 21:56:31', 14, 641),
(234, '', '2018-08-24 22:02:56', 41, 604),
(235, '', '2018-08-24 22:03:27', 12, 598),
(236, '', '2018-08-24 22:05:38', 9, 659),
(237, '', '2018-08-24 22:06:21', 10, 611),
(238, '', '2018-08-24 22:06:45', 10, 669),
(239, '', '2018-08-24 22:07:11', 15, 599),
(240, '', '2018-08-24 22:38:53', 15, 598),
(241, '', '2018-08-25 15:30:01', 34, 598),
(242, '', '2018-08-25 16:57:16', 14, 594),
(243, '', '2018-08-25 17:22:12', 51, 677),
(244, '', '2018-08-25 17:30:40', 12, 677),
(245, '', '2018-08-27 14:13:18', 35, 599),
(246, '', '2018-08-27 14:26:29', 15, 674),
(247, '', '2018-08-27 14:42:11', 15, 343),
(248, '', '2018-08-27 14:43:07', 10, 608),
(249, '', '2018-08-27 14:44:18', 10, 615),
(250, '', '2018-08-27 14:45:12', 32, 649),
(251, '', '2018-08-27 14:45:55', 9, 615),
(252, '', '2018-08-27 14:48:40', 35, 595),
(253, '', '2018-08-27 14:50:06', 25, 596),
(254, '', '2018-08-27 14:50:37', 35, 594),
(255, '', '2018-08-27 14:51:26', 12, 594),
(256, '', '2018-08-27 14:51:57', 35, 601),
(257, '', '2018-08-27 14:55:15', 30, 633),
(258, '', '2018-08-27 14:56:34', 16, 639),
(259, '', '2018-08-27 14:57:37', 10, 630),
(260, '', '2018-08-27 14:58:49', 17, 619),
(261, '', '2018-08-27 14:59:30', 10, 663),
(262, '', '2018-08-27 15:01:09', 24, 625),
(263, '', '2018-08-27 15:01:30', 14, 647),
(264, '', '2018-08-27 15:11:13', 12, 608),
(265, '', '2018-08-27 15:11:43', 10, 343),
(266, '', '2018-08-27 15:12:09', 4, 639),
(267, '', '2018-08-27 15:21:20', 25, 632),
(268, '', '2018-08-27 15:22:57', 19, 665),
(269, '', '2018-08-27 15:24:46', 49, 666),
(270, '', '2018-08-27 15:27:26', 40, 618),
(271, '', '2018-08-27 15:28:17', 47, 650),
(272, '', '2018-08-27 15:51:14', 15, 668),
(273, '', '2018-08-27 16:02:58', 17, 606),
(274, '', '2018-08-27 16:03:21', 2, 612),
(275, '', '2018-08-27 16:04:14', 15, 622),
(276, '', '2018-08-27 16:11:03', 12, 588),
(277, '', '2018-08-27 16:45:17', 37, 600),
(278, '', '2018-08-27 17:54:10', 10, 603),
(279, '', '2018-08-27 18:23:13', 13, 592),
(280, '', '2018-08-27 18:36:20', 10, 608),
(281, '', '2018-08-27 18:45:08', 15, 666),
(282, '', '2018-08-27 18:46:23', 6, 657),
(283, '', '2018-08-27 19:20:04', 10, 343),
(284, '', '2018-08-27 19:22:29', 42, 646),
(285, '', '2018-08-27 19:24:27', 25, 649),
(286, '', '2018-08-27 19:25:41', 20, 648),
(287, '', '2018-08-27 19:27:14', 14, 623),
(288, '', '2018-08-27 19:27:47', 7, 343),
(289, '', '2018-08-27 19:29:10', 12, 651),
(290, '', '2018-08-27 19:36:51', 15, 623),
(291, '', '2018-08-27 19:40:07', 14, 631),
(292, '', '2018-08-27 19:40:43', 15, 343),
(293, '', '2018-08-27 19:42:42', 10, 654),
(294, '', '2018-08-27 19:44:24', 10, 653),
(295, '', '2018-08-27 19:45:57', 12, 343),
(296, '', '2018-08-27 19:47:18', 15, 635),
(297, '', '2018-08-27 20:12:35', 49, 683),
(298, '', '2018-08-27 20:14:24', 29, 661),
(299, '', '2018-08-27 20:16:34', 47, 687),
(300, '', '2018-08-27 20:18:42', 55, 527),
(301, '', '2018-08-27 20:19:50', 42, 651),
(302, '', '2018-08-27 20:22:17', 14, 622),
(303, '', '2018-08-27 20:23:22', 12, 626),
(304, '', '2018-08-27 20:23:56', 14, 610),
(305, '', '2018-08-27 20:25:22', 26, 669),
(306, '', '2018-08-27 20:28:55', 14, 612),
(307, '', '2018-08-27 20:29:46', 17, 646),
(308, '', '2018-08-27 20:39:26', 21, 651),
(309, '', '2018-08-27 20:47:19', 71, 598),
(310, '', '2018-08-27 20:48:56', 30, 604),
(311, '', '2018-08-27 20:49:56', 23, 682),
(312, '', '2018-08-27 20:57:06', 10, 649),
(313, '', '2018-08-27 21:01:52', 30, 628),
(314, '', '2018-08-27 21:02:22', 30, 642),
(315, '', '2018-08-27 21:03:18', 30, 673),
(316, '', '2018-08-27 21:04:21', 30, 675),
(317, '', '2018-08-27 21:05:01', 30, 617),
(318, '', '2018-08-27 21:05:39', 30, 616),
(319, '', '2018-08-27 21:06:04', 35, 590),
(320, '', '2018-08-27 21:07:07', 62, 648),
(321, '', '2018-08-27 21:08:12', 30, 627),
(322, '', '2018-08-27 21:08:31', 12, 648),
(323, '', '2018-08-27 21:09:03', 30, 643),
(324, '', '2018-08-27 21:09:41', 7, 654),
(325, '', '2018-08-27 21:10:32', 30, 644),
(326, '', '2018-08-28 13:29:51', 15, 683),
(327, '', '2018-08-28 13:45:30', 35, 596),
(328, '', '2018-08-28 13:46:21', 35, 592),
(329, '', '2018-08-28 13:46:48', 35, 594),
(330, '', '2018-08-28 13:48:47', 45, 677),
(331, '', '2018-08-28 14:27:18', 49, 600),
(332, '', '2018-08-28 14:32:44', 19, 615),
(333, '', '2018-08-28 14:36:15', 27, 343),
(334, '', '2018-08-28 14:37:05', 32, 649),
(335, '', '2018-08-28 14:38:13', 18, 674),
(336, '', '2018-08-28 14:39:48', 34, 641),
(337, '', '2018-08-28 14:42:31', 35, 601),
(338, '', '2018-08-28 14:50:25', 35, 599),
(339, '', '2018-08-28 14:51:16', 10, 656),
(340, '', '2018-08-28 14:52:04', 35, 586),
(341, '', '2018-08-28 14:53:26', 14, 639),
(342, '', '2018-08-28 14:56:16', 10, 661),
(343, '', '2018-08-28 14:57:37', 11, 633),
(344, '', '2018-08-28 14:58:11', 10, 637),
(345, '', '2018-08-28 15:01:01', 21, 625),
(346, '', '2018-08-28 15:09:55', 12, 586),
(347, '', '2018-08-28 15:15:34', 35, 690),
(348, '', '2018-08-28 15:17:05', 34, 650),
(349, '', '2018-08-28 15:18:27', 15, 655),
(350, '', '2018-08-28 15:19:08', 17, 689),
(351, '', '2018-08-28 15:21:55', 25, 527),
(352, '', '2018-08-28 15:24:08', 42, 618),
(353, '', '2018-08-28 15:25:17', 35, 626),
(354, '', '2018-08-28 15:26:02', 24, 665),
(355, '', '2018-08-28 15:27:01', 11, 632),
(356, '', '2018-08-28 15:28:16', 30, 666),
(357, '', '2018-08-28 15:29:03', 9, 632),
(358, '', '2018-08-28 15:30:24', 32, 691),
(359, '', '2018-08-28 15:33:11', 7, 658),
(360, '', '2018-08-28 15:34:18', 19, 669),
(361, '', '2018-08-28 15:36:58', 23, 612),
(362, '', '2018-08-28 15:37:48', 22, 527),
(363, '', '2018-08-28 15:39:43', 10, 668),
(364, '', '2018-08-28 15:41:32', 27, 622),
(365, '', '2018-08-28 15:42:38', 12, 607),
(366, '', '2018-08-28 15:44:10', 35, 651),
(367, '', '2018-08-28 15:51:16', 18, 624),
(368, '', '2018-08-28 15:54:50', 10, 610),
(369, '', '2018-08-28 15:55:30', 10, 634),
(370, '', '2018-08-28 15:56:05', 10, 634),
(371, '', '2018-08-28 15:58:53', 10, 651),
(372, '', '2018-08-28 15:59:24', 12, 610),
(373, '', '2018-08-28 16:02:34', 17, 658),
(374, '', '2018-08-28 16:10:07', 10, 681),
(375, '', '2018-08-28 17:18:48', 8, 603),
(376, '', '2018-08-28 17:22:01', 30, 627),
(377, '', '2018-08-28 17:30:21', 30, 694),
(378, '', '2018-08-28 17:38:27', 68, 648),
(379, '', '2018-08-28 17:46:16', 30, 675),
(380, '', '2018-08-28 17:46:48', 30, 673),
(381, '', '2018-08-28 17:48:25', 30, 628),
(382, '', '2018-08-28 17:49:49', 30, 642),
(383, '', '2018-08-28 17:51:02', 30, 667),
(384, '', '2018-08-28 17:51:38', 30, 617),
(385, '', '2018-08-28 17:52:28', 30, 616),
(386, '', '2018-08-28 18:03:32', 13, 599),
(387, '', '2018-08-28 18:26:56', 30, 672),
(388, '', '2018-08-28 18:33:34', 27, 650),
(389, '', '2018-08-28 18:45:04', 32, 608),
(390, '', '2018-08-28 18:46:25', 23, 695),
(391, '', '2018-08-28 18:50:23', 12, 598),
(392, '', '2018-08-28 19:13:59', 24, 527),
(393, '', '2018-08-28 19:15:17', 57, 649),
(394, '', '2018-08-28 19:18:24', 15, 527),
(395, '', '2018-08-28 19:19:31', 41, 666),
(396, '', '2018-08-28 19:21:12', 12, 663),
(397, '', '2018-08-28 19:23:14', 10, 343),
(398, '', '2018-08-28 19:23:32', 12, 690),
(399, '', '2018-08-28 19:24:39', 15, 690),
(400, '', '2018-08-28 19:25:34', 10, 650),
(401, '', '2018-08-28 19:31:17', 35, 633),
(402, '', '2018-08-28 19:32:31', 14, 608),
(403, '', '2018-08-28 19:36:46', 39, 660),
(404, '', '2018-08-28 19:41:26', 39, 691),
(405, '', '2018-08-28 19:42:27', 15, 635),
(406, '', '2018-08-28 20:06:29', 10, 588),
(407, '', '2018-08-28 20:29:47', 16, 663),
(408, '', '2018-08-28 20:31:15', 14, 648),
(409, '', '2018-08-29 12:35:08', 6, 668),
(410, '', '2018-08-29 13:32:38', 35, 590),
(411, '', '2018-08-29 13:44:14', 35, 592),
(412, '', '2018-08-29 13:46:09', 35, 594),
(413, '', '2018-08-29 13:46:44', 6, 689),
(414, '', '2018-08-29 13:47:40', 32, 669),
(415, '', '2018-08-29 13:50:28', 37, 683),
(416, '', '2018-08-29 14:05:00', 17, 612),
(417, '', '2018-08-29 14:08:19', 9, 646),
(418, '', '2018-08-29 14:09:56', 17, 613),
(419, '', '2018-08-29 14:24:00', 17, 681),
(420, '', '2018-08-29 14:30:10', 30, 695),
(421, '', '2018-08-29 14:31:35', 19, 615),
(422, '', '2018-08-29 14:32:55', 24, 343),
(423, '', '2018-08-29 14:34:02', 24, 608),
(424, '', '2018-08-29 14:35:08', 27, 674),
(425, '', '2018-08-29 14:40:13', 37, 649),
(426, '', '2018-08-29 14:50:12', 10, 619),
(427, '', '2018-08-29 14:51:27', 11, 639),
(428, '', '2018-08-29 14:52:30', 10, 608),
(429, '', '2018-08-29 14:55:12', 12, 653),
(430, '', '2018-08-29 14:56:03', 12, 633),
(431, '', '2018-08-29 14:58:29', 12, 637),
(432, '', '2018-08-29 14:59:51', 14, 663),
(433, '', '2018-08-29 15:02:12', 6, 625),
(434, '', '2018-08-29 15:04:03', 13, 615),
(435, '', '2018-08-29 15:04:59', 6, 633),
(436, '', '2018-08-29 15:15:43', 24, 618),
(437, '', '2018-08-29 15:18:55', 42, 650),
(438, '', '2018-08-29 15:19:35', 23, 690),
(439, '', '2018-08-29 15:21:13', 25, 527),
(440, '', '2018-08-29 15:22:26', 37, 606),
(441, '', '2018-08-29 15:23:36', 30, 632),
(442, '', '2018-08-29 15:26:08', 2, 527),
(443, '', '2018-08-29 15:27:29', 27, 646),
(444, '', '2018-08-29 15:29:25', 27, 696),
(445, '', '2018-08-29 15:30:37', 20, 665),
(446, '', '2018-08-29 15:31:18', 27, 666),
(447, '', '2018-08-29 15:32:29', 29, 691),
(448, '', '2018-08-29 15:33:52', 10, 651),
(449, '', '2018-08-29 15:34:20', 9, 622),
(450, '', '2018-08-29 15:35:37', 2, 681),
(451, '', '2018-08-29 15:36:46', 12, 655),
(452, '', '2018-08-29 15:37:53', 16, 612),
(453, '', '2018-08-29 15:39:59', 16, 688),
(454, '', '2018-08-29 15:41:01', 42, 669),
(455, '', '2018-08-29 15:41:45', 15, 634),
(456, '', '2018-08-29 15:43:41', 10, 588),
(457, '', '2018-08-29 15:44:25', 22, 527),
(458, '', '2018-08-29 15:45:36', 14, 696),
(459, '', '2018-08-29 15:49:44', 15, 668),
(460, '', '2018-08-29 15:50:13', 10, 626),
(461, '', '2018-08-29 15:52:19', 6, 655),
(462, '', '2018-08-29 15:55:05', 7, 696),
(463, '', '2018-08-29 15:55:26', 9, 655),
(464, '', '2018-08-29 15:56:17', 15, 688),
(465, '', '2018-08-29 15:58:02', 12, 669),
(466, '', '2018-08-29 16:00:34', 15, 612),
(467, '', '2018-08-29 16:01:04', 1, 622),
(468, '', '2018-08-29 16:01:37', 2, 655),
(469, '', '2018-08-29 16:04:33', 15, 690),
(470, '', '2018-08-29 16:18:22', 15, 651),
(471, '', '2018-08-29 16:49:34', 25, 603),
(472, '', '2018-08-29 17:06:40', 11, 654),
(473, '', '2018-08-29 18:09:08', 30, 617),
(474, '', '2018-08-29 18:09:38', 30, 616),
(475, '', '2018-08-29 18:11:06', 47, 648),
(476, '', '2018-08-29 18:11:33', 30, 667),
(477, '', '2018-08-29 18:13:39', 30, 627),
(478, '', '2018-08-29 18:14:58', 30, 675),
(479, '', '2018-08-29 18:16:00', 30, 673),
(480, '', '2018-08-29 18:19:51', 30, 694),
(481, '', '2018-08-29 18:23:03', 60, 644),
(482, '', '2018-08-29 18:25:46', 30, 642),
(483, '', '2018-08-29 18:26:18', 30, 628),
(484, '', '2018-08-29 18:43:55', 22, 597),
(485, '', '2018-08-29 18:59:01', 25, 690),
(486, '', '2018-08-29 18:59:39', 12, 650),
(487, '', '2018-08-29 19:01:13', 41, 598),
(488, '', '2018-08-29 19:20:33', 10, 633),
(489, '', '2018-08-29 19:22:06', 29, 646),
(490, '', '2018-08-29 19:22:34', 12, 633),
(491, '', '2018-08-29 19:23:06', 10, 343),
(492, '', '2018-08-29 19:24:30', 29, 527),
(493, '', '2018-08-29 19:27:13', 42, 691),
(494, '', '2018-08-29 19:43:06', 9, 691),
(495, '', '2018-08-29 19:45:39', 20, 696),
(496, '', '2018-08-29 19:47:27', 14, 623),
(497, '', '2018-08-29 19:54:39', 13, 623),
(498, '', '2018-08-29 19:58:37', 20, 611),
(499, '', '2018-08-29 20:00:04', 24, 658),
(500, '', '2018-08-29 20:00:47', 50, 687),
(501, '', '2018-08-29 20:01:27', 12, 665),
(502, '', '2018-08-29 20:08:26', 13, 683),
(503, '', '2018-08-30 12:33:22', 14, 682),
(504, '', '2018-08-30 12:34:03', 14, 603),
(505, '', '2018-08-30 12:35:32', 37, 602),
(506, '', '2018-08-30 12:39:49', 14, 597),
(507, '', '2018-08-30 12:41:34', 65, 593),
(508, '', '2018-08-30 13:23:38', 20, 592),
(509, '', '2018-08-30 13:43:07', 35, 604),
(510, '', '2018-08-30 13:44:30', 35, 601),
(511, '', '2018-08-30 13:48:52', 9, 608),
(512, '', '2018-08-30 14:16:32', 30, 644),
(513, '', '2018-08-30 14:34:09', 22, 608),
(514, '', '2018-08-30 14:35:45', 22, 615),
(515, '', '2018-08-30 14:36:30', 15, 674),
(516, '', '2018-08-30 14:38:25', 38, 695),
(517, '', '2018-08-30 14:50:21', 44, 649),
(518, '', '2018-08-30 14:51:12', 11, 639),
(519, '', '2018-08-30 14:52:16', 12, 653),
(520, '', '2018-08-30 14:53:11', 10, 633),
(521, '', '2018-08-30 14:54:42', 12, 689),
(522, '', '2018-08-30 14:58:50', 24, 615),
(523, '', '2018-08-30 14:59:54', 23, 625),
(524, '', '2018-08-30 15:02:56', 21, 661),
(525, '', '2018-08-30 15:06:59', 10, 625),
(526, '', '2018-08-30 15:11:09', 7, 689),
(527, '', '2018-08-30 15:11:43', 2, 689),
(528, '', '2018-08-30 15:12:39', 32, 691),
(529, '', '2018-08-30 15:13:25', 20, 665),
(530, '', '2018-08-30 15:14:47', 53, 666),
(531, '', '2018-08-30 15:16:42', 60, 632),
(532, '', '2018-08-30 15:17:54', 46, 696),
(533, '', '2018-08-30 15:18:54', 15, 655),
(534, '', '2018-08-30 15:19:35', 20, 656),
(535, '', '2018-08-30 15:20:04', 44, 618),
(536, '', '2018-08-30 15:20:53', 15, 681),
(537, '', '2018-08-30 15:21:10', 12, 699),
(538, '', '2018-08-30 15:22:04', 25, 527),
(539, '', '2018-08-30 15:23:01', 30, 651),
(540, '', '2018-08-30 15:24:16', 41, 610),
(541, '', '2018-08-30 15:24:54', 20, 612),
(542, '', '2018-08-30 15:26:20', 24, 690),
(543, '', '2018-08-30 15:26:47', 27, 650),
(544, '', '2018-08-30 15:29:12', 15, 698),
(545, '', '2018-08-30 15:30:33', 15, 696),
(546, '', '2018-08-30 15:35:29', 10, 668),
(547, '', '2018-08-30 15:36:00', 14, 611),
(548, '', '2018-08-30 15:38:42', 17, 681),
(549, '', '2018-08-30 15:40:39', 14, 696),
(550, '', '2018-08-30 15:46:10', 10, 624),
(551, '', '2018-08-30 15:49:18', 17, 698),
(552, '', '2018-08-30 15:50:06', 10, 669),
(553, '', '2018-08-30 15:54:13', 16, 669),
(554, '', '2018-08-30 15:54:50', 10, 669),
(555, '', '2018-08-30 15:58:13', 7, 623),
(556, '', '2018-08-30 15:59:43', 1, 632),
(557, '', '2018-08-30 16:02:22', 2, 612),
(558, '', '2018-08-30 16:56:04', 11, 654),
(559, '', '2018-08-30 17:09:09', 7, 641),
(560, '', '2018-08-30 18:02:27', 30, 672),
(561, '', '2018-08-30 18:13:51', 15, 593),
(562, '', '2018-08-30 18:33:51', 27, 594),
(563, '', '2018-08-30 18:39:51', 18, 682),
(564, '', '2018-08-30 18:40:47', 30, 627),
(565, '', '2018-08-30 18:42:55', 44, 648),
(566, '', '2018-08-30 18:43:59', 7, 683),
(567, '', '2018-08-30 18:46:25', 30, 617),
(568, '', '2018-08-30 18:46:50', 30, 616),
(569, '', '2018-08-30 18:47:19', 30, 675),
(570, '', '2018-08-30 18:47:46', 30, 673),
(571, '', '2018-08-30 18:51:35', 30, 628),
(572, '', '2018-08-30 18:52:57', 30, 694),
(573, '', '2018-08-30 18:59:00', 44, 603),
(574, '', '2018-08-30 19:00:15', 11, 663),
(575, '', '2018-08-30 19:02:16', 23, 602),
(576, '', '2018-08-30 19:04:25', 23, 691),
(577, '', '2018-08-30 19:12:49', 157, 690),
(578, '', '2018-08-30 19:13:56', 31, 527),
(579, '', '2018-08-30 19:14:45', 36, 632),
(580, '', '2018-08-30 19:16:35', 39, 633),
(581, '', '2018-08-30 19:17:34', 15, 636),
(582, '', '2018-08-30 19:19:21', 54, 649),
(583, '', '2018-08-30 19:21:00', 27, 666),
(584, '', '2018-08-30 19:23:59', 15, 527),
(585, '', '2018-08-30 19:25:15', 12, 685),
(586, '', '2018-08-30 19:27:48', 15, 637),
(587, '', '2018-08-30 19:32:18', 10, 591),
(588, '', '2018-08-30 19:39:37', 4, 633),
(589, '', '2018-08-30 19:42:22', 12, 663),
(590, '', '2018-08-30 19:43:51', 27, 648),
(591, '', '2018-08-30 19:44:45', 50, 687),
(592, '', '2018-08-30 19:45:21', 14, 630),
(593, '', '2018-08-30 19:48:40', 12, 623),
(594, '', '2018-08-30 20:03:55', 58, 598),
(595, '', '2018-08-30 20:09:26', 25, 663),
(596, '', '2018-08-30 20:11:56', 47, 687),
(597, '', '2018-08-30 20:13:45', 15, 613),
(598, '', '2018-08-30 20:14:24', 12, 699),
(599, '', '2018-08-30 20:15:01', 29, 646),
(600, '', '2018-08-30 20:15:38', 15, 613),
(601, '', '2018-08-31 12:42:47', 6, 668),
(602, '', '2018-08-31 12:56:12', 12, 597),
(603, '', '2018-08-31 13:22:03', 45, 590),
(604, '', '2018-08-31 13:38:43', 10, 603),
(605, '', '2018-08-31 13:43:25', 10, 586),
(606, '', '2018-08-31 13:49:13', 12, 669),
(607, '', '2018-08-31 14:05:46', 17, 681),
(608, '', '2018-08-31 14:32:12', 36, 674),
(609, '', '2018-08-31 14:33:51', 34, 637),
(610, '', '2018-08-31 14:38:04', 10, 693),
(611, '', '2018-08-31 14:39:09', 36, 695),
(612, '', '2018-08-31 14:45:53', 21, 615),
(613, '', '2018-08-31 14:47:06', 12, 615),
(614, '', '2018-08-31 15:03:39', 30, 586),
(615, '', '2018-08-31 15:17:59', 30, 636),
(616, '', '2018-08-31 15:51:11', 6, 623),
(617, '', '2018-08-31 15:59:44', 2, 668),
(618, '', '2018-08-31 16:02:51', 17, 691),
(619, '', '2018-08-31 16:09:35', 30, 598),
(620, '', '2018-08-31 17:03:01', 10, 693),
(621, '', '2018-08-31 17:28:19', 22, 674),
(622, '', '2018-08-31 17:32:00', 42, 681),
(623, '', '2018-08-31 17:32:41', 10, 640),
(624, '', '2018-08-31 17:34:11', 44, 610),
(625, '', '2018-08-31 17:35:24', 33, 626),
(626, '', '2018-08-31 17:36:38', 41, 666),
(627, '', '2018-08-31 17:42:49', 26, 646),
(628, '', '2018-08-31 17:44:00', 16, 624),
(629, '', '2018-08-31 17:44:49', 10, 634),
(630, '', '2018-08-31 17:45:31', 14, 681),
(631, '', '2018-08-31 17:46:03', 13, 699),
(632, '', '2018-08-31 17:59:29', 17, 646),
(633, '', '2018-08-31 18:00:05', 17, 613),
(634, '', '2018-08-31 18:01:06', 54, 593),
(635, '', '2018-08-31 18:01:55', 9, 665),
(636, '', '2018-08-31 18:06:59', 36, 624),
(637, '', '2018-08-31 18:07:37', 42, 687),
(638, '', '2018-08-31 18:08:06', 6, 612),
(639, '', '2018-08-31 18:10:17', 6, 612),
(640, '', '2018-08-31 18:29:45', 34, 608),
(641, '', '2018-08-31 18:46:48', 12, 649),
(642, '', '2018-08-31 18:47:07', 12, 649),
(643, '', '2018-08-31 18:48:31', 29, 633),
(644, '', '2018-08-31 18:49:01', 10, 639),
(645, '', '2018-08-31 18:49:51', 25, 619),
(646, '', '2018-08-31 19:06:28', 12, 608),
(647, '', '2018-08-31 19:07:33', 12, 663),
(648, '', '2018-08-31 19:08:06', 29, 691),
(649, '', '2018-08-31 19:08:39', 34, 665),
(650, '', '2018-08-31 19:09:42', 44, 696),
(651, '', '2018-08-31 19:09:59', 10, 651),
(652, '', '2018-08-31 19:16:57', 10, 596),
(653, '', '2018-08-31 19:17:30', 27, 666),
(654, '', '2018-08-31 19:21:09', 34, 632),
(655, '', '2018-08-31 19:21:49', 17, 658),
(656, '', '2018-08-31 19:32:20', 40, 527),
(657, '', '2018-08-31 19:34:22', 21, 655),
(658, '', '2018-08-31 19:34:52', 10, 699),
(659, '', '2018-08-31 19:35:27', 24, 649),
(660, '', '2018-08-31 19:36:06', 17, 649),
(661, '', '2018-08-31 19:36:41', 30, 594),
(662, '', '2018-08-31 19:37:07', 7, 609),
(663, '', '2018-08-31 19:37:43', 16, 669),
(664, '', '2018-08-31 19:38:46', 16, 688),
(665, '', '2018-08-31 19:39:26', 13, 634),
(666, '', '2018-08-31 19:40:22', 17, 668),
(667, '', '2018-08-31 19:40:47', 10, 611),
(668, '', '2018-08-31 19:42:11', 7, 623),
(669, '', '2018-08-31 19:42:44', 10, 651),
(670, '', '2018-08-31 19:43:14', 7, 679),
(671, '', '2018-08-31 19:43:44', 24, 648),
(672, '', '2018-08-31 19:44:11', 7, 669),
(673, '', '2018-08-31 19:47:14', 30, 644),
(674, '', '2018-08-31 19:49:32', 24, 623),
(675, '', '2018-08-31 19:50:00', 30, 627),
(676, '', '2018-08-31 19:50:47', 22, 683),
(677, '', '2018-08-31 19:52:53', 66, 648),
(678, '', '2018-08-31 20:01:36', 12, 623),
(679, '', '2018-08-31 20:58:41', 15, 650),
(680, '', '2018-08-31 20:59:22', 15, 595),
(681, '', '2018-08-31 21:06:25', 39, 650),
(682, '', '2018-08-31 21:07:50', 48, 595),
(683, '', '2018-09-03 12:41:53', 15, 605),
(684, '', '2018-09-03 14:30:06', 24, 615),
(685, '', '2018-09-03 14:37:49', 46, 641),
(686, '', '2018-09-03 14:42:32', 25, 637),
(687, '', '2018-09-03 14:43:01', 48, 674),
(688, '', '2018-09-03 14:43:49', 22, 608),
(689, '', '2018-09-03 14:45:22', 24, 343),
(690, '', '2018-09-03 14:48:00', 12, 685),
(691, '', '2018-09-03 14:50:12', 12, 695),
(692, '', '2018-09-03 14:57:05', 16, 633),
(693, '', '2018-09-03 14:57:46', 14, 639),
(694, '', '2018-09-03 14:58:30', 3, 653),
(695, '', '2018-09-03 14:59:03', 22, 625),
(696, '', '2018-09-03 15:00:58', 15, 343),
(697, '', '2018-09-03 15:04:01', 12, 608),
(698, '', '2018-09-03 15:05:31', 12, 653),
(699, '', '2018-09-03 15:06:29', 10, 633),
(700, '', '2018-09-03 15:09:48', 20, 663),
(701, '', '2018-09-03 15:13:12', 10, 659),
(702, '', '2018-09-03 15:16:57', 5, 625),
(703, '', '2018-09-03 15:21:39', 25, 655),
(704, '', '2018-09-03 15:23:08', 27, 618),
(705, '', '2018-09-03 15:26:42', 39, 666),
(706, '', '2018-09-03 15:27:31', 45, 632),
(707, '', '2018-09-03 15:28:25', 35, 651),
(708, '', '2018-09-03 15:29:20', 44, 696),
(709, '', '2018-09-03 15:30:44', 22, 665),
(710, '', '2018-09-03 15:33:31', 22, 699),
(711, '', '2018-09-03 15:37:20', 30, 611),
(712, '', '2018-09-03 15:39:05', 12, 626),
(713, '', '2018-09-03 15:40:24', 23, 655),
(714, '', '2018-09-03 15:41:24', 25, 650),
(715, '', '2018-09-03 15:41:54', 20, 527),
(716, '', '2018-09-03 15:42:52', 2, 621),
(717, '', '2018-09-03 15:43:46', 44, 612),
(718, '', '2018-09-03 15:44:42', 15, 589),
(719, '', '2018-09-03 15:46:24', 14, 668),
(720, '', '2018-09-03 15:47:35', 15, 720),
(721, '', '2018-09-03 15:49:16', 10, 681),
(722, '', '2018-09-03 15:49:44', 12, 669),
(723, '', '2018-09-03 15:54:50', 9, 655),
(724, '', '2018-09-03 15:56:05', 7, 623),
(725, '', '2018-09-03 15:58:11', 12, 611),
(726, '', '2018-09-03 15:59:54', 1, 720),
(727, '', '2018-09-03 16:00:17', 1, 668),
(728, '', '2018-09-03 16:03:25', 17, 692),
(729, '', '2018-09-03 16:16:56', 12, 682),
(730, '', '2018-09-03 16:17:53', 15, 682),
(731, '', '2018-09-03 16:39:17', 24, 588),
(732, '', '2018-09-03 16:45:24', 10, 608),
(733, '', '2018-09-03 16:47:42', 14, 659),
(734, '', '2018-09-03 17:04:32', 30, 711),
(735, '', '2018-09-03 17:13:02', 14, 588),
(736, '', '2018-09-03 17:59:47', 35, 601),
(737, '', '2018-09-03 18:00:21', 10, 592),
(738, '', '2018-09-03 18:05:13', 35, 602),
(739, '', '2018-09-03 18:09:51', 10, 602),
(740, '', '2018-09-03 18:14:38', 30, 673),
(741, '', '2018-09-03 18:15:01', 30, 671),
(742, '', '2018-09-03 18:15:51', 30, 675),
(743, '', '2018-09-03 18:20:47', 30, 694),
(744, '', '2018-09-03 18:23:04', 45, 648),
(745, '', '2018-09-03 18:23:49', 30, 703),
(746, '', '2018-09-03 18:24:21', 15, 683),
(747, '', '2018-09-03 18:24:52', 30, 644),
(748, '', '2018-09-03 18:25:20', 30, 667),
(749, '', '2018-09-03 18:26:23', 30, 628),
(750, '', '2018-09-03 18:27:07', 30, 616),
(751, '', '2018-09-03 18:27:32', 30, 617),
(752, '', '2018-09-03 18:27:59', 30, 705),
(753, '', '2018-09-03 18:34:10', 30, 627),
(754, '', '2018-09-03 18:37:26', 10, 591),
(755, '', '2018-09-03 18:51:58', 10, 603),
(756, '', '2018-09-03 19:08:06', 41, 666),
(757, '', '2018-09-03 19:16:03', 42, 692),
(758, '', '2018-09-03 19:16:37', 10, 720),
(759, '', '2018-09-03 19:18:12', 15, 343),
(760, '', '2018-09-03 19:18:44', 30, 527),
(761, '', '2018-09-03 19:19:17', 30, 688),
(762, '', '2018-09-03 19:19:43', 9, 715),
(763, '', '2018-09-03 19:21:57', 23, 649),
(764, '', '2018-09-03 19:22:43', 22, 697),
(765, '', '2018-09-03 19:23:12', 15, 650),
(766, '', '2018-09-03 19:34:40', 9, 677),
(767, '', '2018-09-03 19:43:23', 12, 527),
(768, '', '2018-09-03 19:47:56', 1, 717),
(769, '', '2018-09-04 12:38:42', 12, 597),
(770, '', '2018-09-04 13:23:43', 14, 596),
(771, '', '2018-09-04 13:29:55', 14, 588),
(772, '', '2018-09-04 13:42:53', 45, 592),
(773, '', '2018-09-04 13:46:48', 141, 595),
(774, '', '2018-09-04 13:47:04', 35, 599),
(775, '', '2018-09-04 13:47:32', 70, 601),
(776, '', '2018-09-04 14:16:11', 6, 717),
(777, '', '2018-09-04 14:31:54', 47, 649),
(778, '', '2018-09-04 14:34:20', 42, 615),
(779, '', '2018-09-04 14:35:13', 39, 343),
(780, '', '2018-09-04 14:36:05', 35, 586),
(781, '', '2018-09-04 14:37:29', 39, 608),
(782, '', '2018-09-04 14:37:53', 10, 657),
(783, '', '2018-09-04 14:41:11', 12, 717),
(784, '', '2018-09-04 14:43:00', 42, 695),
(785, '', '2018-09-04 14:47:12', 10, 689),
(786, '', '2018-09-04 14:49:44', 17, 639),
(787, '', '2018-09-04 14:51:21', 10, 713),
(788, '', '2018-09-04 14:53:48', 16, 637),
(789, '', '2018-09-04 14:54:48', 2, 663),
(790, '', '2018-09-04 14:55:38', 20, 661),
(791, '', '2018-09-04 14:56:26', 10, 659),
(792, '', '2018-09-04 14:56:48', 10, 625),
(793, '', '2018-09-04 15:03:00', 16, 653),
(794, '', '2018-09-04 15:04:13', 18, 641),
(795, '', '2018-09-04 15:06:18', 30, 633),
(796, '', '2018-09-04 15:06:48', 12, 633),
(797, '', '2018-09-04 15:08:39', 11, 715),
(798, '', '2018-09-04 15:10:31', 8, 663),
(799, '', '2018-09-04 15:12:05', 2, 637),
(800, '', '2018-09-04 15:12:41', 10, 717),
(801, '', '2018-09-04 15:16:10', 10, 343),
(802, '', '2018-09-04 15:17:10', 20, 656),
(803, '', '2018-09-04 15:18:37', 9, 689),
(804, '', '2018-09-04 15:20:02', 19, 641),
(805, '', '2018-09-04 15:20:38', 27, 527),
(806, '', '2018-09-04 15:21:01', 15, 655),
(807, '', '2018-09-04 15:21:27', 10, 702),
(808, '', '2018-09-04 15:21:55', 10, 699),
(809, '', '2018-09-04 15:22:19', 30, 618),
(810, '', '2018-09-04 15:23:10', 17, 660),
(811, '', '2018-09-04 15:23:44', 7, 660),
(812, '', '2018-09-04 15:26:27', 30, 632),
(813, '', '2018-09-04 15:26:44', 30, 665),
(814, '', '2018-09-04 15:29:44', 34, 690),
(815, '', '2018-09-04 15:30:41', 27, 650),
(816, '', '2018-09-04 15:31:47', 44, 691),
(817, '', '2018-09-04 15:32:34', 20, 651),
(818, '', '2018-09-04 15:33:11', 17, 692),
(819, '', '2018-09-04 15:36:37', 22, 720),
(820, '', '2018-09-04 15:37:57', 10, 611),
(821, '', '2018-09-04 15:39:43', 15, 668),
(822, '', '2018-09-04 15:42:34', 9, 622),
(823, '', '2018-09-04 15:44:33', 25, 601),
(824, '', '2018-09-04 15:50:26', 16, 589),
(825, '', '2018-09-04 15:50:59', 12, 626),
(826, '', '2018-09-04 15:57:31', 22, 681),
(827, '', '2018-09-04 15:58:00', 22, 527),
(828, '', '2018-09-04 16:07:01', 10, 666),
(829, '', '2018-09-04 16:07:37', 7, 654),
(830, '', '2018-09-04 16:08:02', 21, 682),
(831, '', '2018-09-04 16:58:44', 39, 598),
(832, '', '2018-09-04 16:59:14', 18, 605),
(833, '', '2018-09-04 16:59:58', 12, 603),
(834, '', '2018-09-04 17:45:08', 69, 695),
(835, '', '2018-09-04 17:47:22', 24, 604),
(836, '', '2018-09-04 17:51:22', 91, 646),
(837, '', '2018-09-04 17:54:55', 53, 649),
(838, '', '2018-09-04 18:00:08', 57, 717),
(839, '', '2018-09-04 18:01:25', 19, 704),
(840, '', '2018-09-04 18:02:06', 18, 661),
(841, '', '2018-09-04 18:02:31', 17, 674),
(842, '', '2018-09-04 18:05:26', 17, 613),
(843, '', '2018-09-04 18:07:17', 15, 598),
(844, '', '2018-09-04 18:07:47', 35, 599),
(845, '', '2018-09-04 18:09:28', 15, 623),
(846, '', '2018-09-04 18:11:16', 47, 683),
(847, '', '2018-09-04 18:13:25', 15, 613),
(848, '', '2018-09-04 18:25:19', 30, 628),
(849, '', '2018-09-04 18:32:10', 30, 643),
(850, '', '2018-09-04 18:53:56', 60, 675),
(851, '', '2018-09-04 19:00:39', 30, 644),
(852, '', '2018-09-04 19:01:06', 30, 667),
(853, '', '2018-09-04 19:01:44', 10, 711),
(854, '', '2018-09-04 19:02:44', 37, 648),
(855, '', '2018-09-04 19:03:14', 30, 616),
(856, '', '2018-09-04 19:03:33', 30, 617),
(857, '', '2018-09-04 19:04:03', 30, 627),
(858, '', '2018-09-04 19:04:30', 30, 703),
(859, '', '2018-09-04 19:06:59', 15, 636),
(860, '', '2018-09-04 19:07:31', 12, 343),
(861, '', '2018-09-04 19:11:56', 20, 687),
(862, '', '2018-09-04 19:13:14', 15, 527),
(863, '', '2018-09-04 19:13:51', 12, 664),
(864, '', '2018-09-04 19:14:33', 35, 649),
(865, '', '2018-09-04 19:18:22', 12, 638),
(866, '', '2018-09-04 19:19:52', 9, 638),
(867, '', '2018-09-04 19:21:18', 24, 685),
(868, '', '2018-09-04 19:21:39', 12, 608),
(869, '', '2018-09-04 19:25:33', 4, 633),
(870, '', '2018-09-04 19:29:32', 14, 598),
(871, '', '2018-09-04 19:35:59', 1, 715),
(872, '', '2018-09-04 19:52:34', 10, 674),
(873, '', '2018-09-04 19:54:41', 35, 677),
(874, '', '2018-09-04 19:56:00', 29, 674),
(875, '', '2018-09-04 19:56:32', 30, 721),
(876, '', '2018-09-04 19:58:03', 11, 647),
(877, '', '2018-09-04 20:26:08', 35, 596),
(878, '', '2018-09-04 20:30:10', 56, 696),
(879, '', '2018-09-04 20:31:23', 12, 624),
(880, '', '2018-09-04 20:34:02', 26, 669),
(881, '', '2018-09-04 20:35:01', 6, 690),
(882, '', '2018-09-04 20:37:15', 10, 684),
(883, '', '2018-09-04 20:45:05', 24, 613),
(884, '', '2018-09-05 12:26:56', 20, 682),
(885, '', '2018-09-05 12:28:07', 15, 605),
(886, '', '2018-09-05 12:30:24', 13, 605),
(887, '', '2018-09-05 12:51:31', 10, 592),
(888, '', '2018-09-05 13:08:27', 60, 642),
(889, '', '2018-09-05 13:08:49', 30, 643),
(890, '', '2018-09-05 13:12:34', 10, 596),
(891, '', '2018-09-05 13:12:58', 35, 592),
(892, '', '2018-09-05 13:17:27', 21, 602),
(893, '', '2018-09-05 13:45:09', 12, 669),
(894, '', '2018-09-05 13:50:00', 30, 527),
(895, '', '2018-09-05 13:50:27', 35, 589),
(896, '', '2018-09-05 14:08:49', 17, 681),
(897, '', '2018-09-05 14:18:02', 9, 624),
(898, '', '2018-09-05 14:18:27', 9, 622),
(899, '', '2018-09-05 14:19:03', 9, 659),
(900, '', '2018-09-05 14:20:03', 9, 678),
(901, '', '2018-09-05 14:32:39', 30, 674),
(902, '', '2018-09-05 14:35:56', 30, 649),
(903, '', '2018-09-05 14:37:09', 19, 725),
(904, '', '2018-09-05 14:37:43', 12, 725),
(905, '', '2018-09-05 14:39:59', 2, 704),
(906, '', '2018-09-05 14:40:40', 28, 689),
(907, '', '2018-09-05 14:41:00', 15, 689),
(908, '', '2018-09-05 14:43:39', 34, 343),
(909, '', '2018-09-05 14:47:58', 30, 608),
(910, '', '2018-09-05 14:48:38', 4, 715),
(911, '', '2018-09-05 14:48:59', 10, 608),
(912, '', '2018-09-05 14:49:34', 10, 689),
(913, '', '2018-09-05 14:50:18', 11, 713),
(914, '', '2018-09-05 14:51:32', 14, 639),
(915, '', '2018-09-05 14:52:11', 10, 721),
(916, '', '2018-09-05 14:53:11', 9, 641),
(917, '', '2018-09-05 14:53:51', 10, 637),
(918, '', '2018-09-05 14:56:17', 19, 717),
(919, '', '2018-09-05 15:01:49', 12, 653),
(920, '', '2018-09-05 15:02:13', 8, 633),
(921, '', '2018-09-05 15:04:19', 12, 608),
(922, '', '2018-09-05 15:05:49', 20, 661),
(923, '', '2018-09-05 15:07:09', 47, 586),
(924, '', '2018-09-05 15:08:57', 10, 659),
(925, '', '2018-09-05 15:10:32', 12, 615),
(926, '', '2018-09-05 15:13:24', 10, 713),
(927, '', '2018-09-05 15:14:35', 22, 651),
(928, '', '2018-09-05 15:15:13', 10, 674),
(929, '', '2018-09-05 15:16:54', 12, 664),
(930, '', '2018-09-05 15:27:45', 47, 618),
(931, '', '2018-09-05 15:29:06', 28, 666),
(932, '', '2018-09-05 15:30:14', 30, 632),
(933, '', '2018-09-05 15:30:51', 54, 650),
(934, '', '2018-09-05 15:31:40', 10, 624),
(935, '', '2018-09-05 15:32:34', 54, 696),
(936, '', '2018-09-05 15:33:01', 12, 626),
(937, '', '2018-09-05 15:33:45', 10, 699),
(938, '', '2018-09-05 15:34:14', 10, 665),
(939, '', '2018-09-05 15:34:48', 18, 612),
(940, '', '2018-09-05 15:35:37', 27, 720),
(941, '', '2018-09-05 15:36:28', 27, 590),
(942, '', '2018-09-05 15:36:50', 6, 719),
(943, '', '2018-09-05 15:41:30', 51, 690),
(944, '', '2018-09-05 15:44:12', 6, 669),
(945, '', '2018-09-05 15:44:41', 7, 632),
(946, '', '2018-09-05 15:45:05', 15, 668),
(947, '', '2018-09-05 15:49:33', 7, 609),
(948, '', '2018-09-05 15:50:24', 10, 622),
(949, '', '2018-09-05 15:53:15', 2, 681),
(950, '', '2018-09-05 15:57:49', 12, 669),
(951, '', '2018-09-05 16:03:54', 10, 699),
(952, '', '2018-09-05 16:04:15', 9, 624),
(953, '', '2018-09-05 16:51:11', 14, 343),
(954, '', '2018-09-05 16:54:49', 30, 717),
(955, '', '2018-09-05 17:19:26', 12, 654),
(956, '', '2018-09-05 17:20:37', 10, 670),
(957, '', '2018-09-05 17:21:38', 30, 694),
(958, '', '2018-09-05 17:23:07', 10, 662),
(959, '', '2018-09-05 17:23:49', 30, 644),
(960, '', '2018-09-05 17:24:38', 30, 673),
(961, '', '2018-09-05 17:25:02', 30, 667),
(962, '', '2018-09-05 17:25:58', 30, 628),
(963, '', '2018-09-05 17:27:36', 30, 703),
(964, '', '2018-09-05 17:28:00', 30, 731),
(965, '', '2018-09-05 17:31:37', 42, 648),
(966, '', '2018-09-05 17:32:04', 30, 627),
(967, '', '2018-09-05 17:32:31', 30, 686),
(968, '', '2018-09-05 17:34:06', 35, 683),
(969, '', '2018-09-05 17:36:12', 30, 616),
(970, '', '2018-09-05 17:36:32', 30, 617),
(971, '', '2018-09-05 17:37:14', 35, 590),
(972, '', '2018-09-05 17:49:22', 12, 593),
(973, '', '2018-09-05 17:59:24', 22, 596),
(974, '', '2018-09-05 18:40:49', 30, 595),
(975, '', '2018-09-05 18:57:11', 4, 717),
(976, '', '2018-09-05 19:08:37', 30, 720),
(977, '', '2018-09-05 19:10:56', 15, 605),
(978, '', '2018-09-05 19:13:57', 9, 343),
(979, '', '2018-09-05 19:14:19', 7, 654),
(980, '', '2018-09-05 19:18:08', 9, 664),
(981, '', '2018-09-05 19:19:03', 18, 527),
(982, '', '2018-09-05 19:28:51', 10, 666),
(983, '', '2018-09-05 19:29:21', 30, 717),
(984, '', '2018-09-05 19:41:39', 12, 674),
(985, '', '2018-09-05 19:45:22', 12, 665),
(986, '', '2018-09-05 20:04:06', 28, 669),
(987, '', '2018-09-05 20:20:00', 24, 648),
(988, '', '2018-09-05 20:20:43', 24, 651),
(989, '', '2018-09-05 20:21:49', 41, 666),
(990, '', '2018-09-06 12:34:05', 6, 668),
(991, '', '2018-09-06 13:14:38', 14, 683),
(992, '', '2018-09-06 13:15:58', 28, 683),
(993, '', '2018-09-06 13:57:56', 9, 608),
(994, '', '2018-09-06 14:10:57', 45, 596),
(995, '', '2018-09-06 14:11:53', 63, 595),
(996, '', '2018-09-06 14:33:50', 17, 649),
(997, '', '2018-09-06 14:39:05', 10, 608),
(998, '', '2018-09-06 14:40:13', 12, 602),
(999, '', '2018-09-06 14:41:49', 24, 615),
(1000, '', '2018-09-06 14:43:31', 25, 641),
(1001, '', '2018-09-06 14:45:47', 54, 695),
(1002, '', '2018-09-06 14:47:05', 30, 674),
(1003, '', '2018-09-06 14:51:32', 15, 725),
(1004, '', '2018-09-06 14:54:51', 20, 663),
(1005, '', '2018-09-06 14:55:19', 12, 639),
(1006, '', '2018-09-06 14:56:22', 15, 343),
(1007, '', '2018-09-06 14:57:17', 15, 637),
(1008, '', '2018-09-06 14:58:13', 16, 653),
(1009, '', '2018-09-06 15:00:55', 16, 633),
(1010, '', '2018-09-06 15:03:03', 19, 721),
(1011, '', '2018-09-06 15:04:10', 10, 659),
(1012, '', '2018-09-06 15:04:47', 9, 713),
(1013, '', '2018-09-06 15:05:21', 10, 615),
(1014, '', '2018-09-06 15:05:55', 12, 608),
(1015, '', '2018-09-06 15:08:43', 42, 690),
(1016, '', '2018-09-06 15:09:15', 9, 641),
(1017, '', '2018-09-06 15:17:02', 10, 720),
(1018, '', '2018-09-06 15:18:02', 30, 632),
(1019, '', '2018-09-06 15:18:26', 12, 664),
(1020, '', '2018-09-06 15:23:10', 30, 666),
(1021, '', '2018-09-06 15:23:55', 17, 702),
(1022, '', '2018-09-06 15:24:46', 37, 618),
(1023, '', '2018-09-06 15:26:07', 36, 696),
(1024, '', '2018-09-06 15:26:49', 12, 669),
(1025, '', '2018-09-06 15:27:36', 20, 665),
(1026, '', '2018-09-06 15:28:13', 20, 611),
(1027, '', '2018-09-06 15:29:04', 15, 527),
(1028, '', '2018-09-06 15:32:20', 21, 622),
(1029, '', '2018-09-06 15:34:04', 12, 607),
(1030, '', '2018-09-06 15:35:00', 12, 719),
(1031, '', '2018-09-06 15:35:26', 12, 718),
(1032, '', '2018-09-06 15:36:17', 15, 720),
(1033, '', '2018-09-06 15:37:54', 27, 612),
(1034, '', '2018-09-06 15:38:24', 15, 623),
(1035, '', '2018-09-06 15:39:06', 30, 527),
(1036, '', '2018-09-06 15:40:27', 2, 634),
(1037, '', '2018-09-06 15:43:41', 15, 720),
(1038, '', '2018-09-06 15:44:38', 20, 589),
(1039, '', '2018-09-06 15:46:52', 18, 681),
(1040, '', '2018-09-06 15:47:42', 4, 632),
(1041, '', '2018-09-06 16:03:17', 12, 692),
(1042, '', '2018-09-06 16:04:18', 14, 613),
(1043, '', '2018-09-06 16:05:05', 23, 682),
(1044, '', '2018-09-06 16:27:59', 9, 588),
(1045, '', '2018-09-06 16:52:08', 12, 650),
(1046, '', '2018-09-06 17:02:52', 10, 654),
(1047, '', '2018-09-06 17:03:09', 7, 670),
(1048, '', '2018-09-06 17:32:44', 9, 343),
(1049, '', '2018-09-06 17:42:39', 13, 593),
(1050, '', '2018-09-06 17:55:50', 5, 318),
(1051, '', '2018-09-06 18:05:57', 36, 598),
(1052, '', '2018-09-06 18:42:48', 30, 627),
(1053, '', '2018-09-06 18:46:25', 30, 628),
(1054, '', '2018-09-06 18:48:10', 54, 648),
(1055, '', '2018-09-06 18:49:35', 8, 662),
(1056, '', '2018-09-06 18:50:09', 30, 643),
(1057, '', '2018-09-06 18:51:22', 4, 712),
(1058, '', '2018-09-06 18:52:19', 3, 590),
(1059, '', '2018-09-06 18:52:38', 30, 694),
(1060, '', '2018-09-06 18:53:33', 30, 644),
(1061, '', '2018-09-06 19:06:57', 30, 673),
(1062, '', '2018-09-06 19:09:01', 30, 721),
(1063, '', '2018-09-06 19:11:17', 24, 725),
(1064, '', '2018-09-06 19:15:30', 18, 527),
(1065, '', '2018-09-06 19:27:10', 30, 705),
(1066, '', '2018-09-06 19:27:26', 30, 616),
(1067, '', '2018-09-06 19:27:51', 30, 617),
(1068, '', '2018-09-06 19:28:17', 30, 667),
(1069, '', '2018-09-06 19:28:38', 30, 703),
(1070, '', '2018-09-06 19:30:21', 28, 649),
(1071, '', '2018-09-06 19:31:38', 12, 635),
(1072, '', '2018-09-06 19:32:23', 3, 634),
(1073, '', '2018-09-06 19:33:50', 9, 669),
(1074, '', '2018-09-06 19:34:26', 20, 636),
(1075, '', '2018-09-06 19:36:59', 20, 613),
(1076, '', '2018-09-06 19:37:43', 15, 637),
(1077, '', '2018-09-06 19:38:51', 12, 633),
(1078, '', '2018-09-06 19:39:21', 10, 684),
(1079, '', '2018-09-06 19:40:59', 20, 651),
(1080, '', '2018-09-06 19:41:47', 39, 648),
(1081, '', '2018-09-06 19:42:12', 15, 613),
(1082, '', '2018-09-06 19:42:48', 30, 721),
(1083, '', '2018-09-06 19:43:32', 21, 713),
(1084, '', '2018-09-06 19:44:08', 30, 730),
(1085, '', '2018-09-06 19:44:27', 12, 613),
(1086, '', '2018-09-06 19:55:42', 8, 687),
(1087, '', '2018-09-06 20:12:26', 12, 648),
(1088, '', '2018-09-07 12:38:05', 24, 682),
(1089, '', '2018-09-07 13:17:20', 12, 594),
(1090, '', '2018-09-07 13:17:49', 10, 604),
(1091, '', '2018-09-07 13:18:29', 30, 592),
(1092, '', '2018-09-07 13:19:05', 32, 596),
(1093, '', '2018-09-07 14:23:00', 6, 668),
(1094, '', '2018-09-07 14:44:48', 28, 649),
(1095, '', '2018-09-07 15:10:58', 30, 667),
(1096, '', '2018-09-07 15:35:35', 15, 589),
(1097, '', '2018-09-07 15:49:01', 22, 610),
(1098, '', '2018-09-07 15:52:15', 1, 632),
(1099, '', '2018-09-07 16:25:03', 27, 602),
(1100, '', '2018-09-07 16:51:59', 9, 604),
(1101, '', '2018-09-07 16:52:38', 27, 603),
(1102, '', '2018-09-07 16:56:09', 10, 722),
(1103, '', '2018-09-07 17:02:08', 23, 730),
(1104, '', '2018-09-07 17:03:38', 9, 725),
(1105, '', '2018-09-07 17:09:21', 36, 604),
(1106, '', '2018-09-07 17:11:53', 38, 695),
(1107, '', '2018-09-07 17:13:53', 44, 695),
(1108, '', '2018-09-07 17:17:33', 42, 695),
(1109, '', '2018-09-07 17:20:28', 27, 586),
(1110, '', '2018-09-07 17:21:27', 52, 650),
(1111, '', '2018-09-07 17:21:51', 10, 604),
(1112, '', '2018-09-07 17:24:01', 21, 666),
(1113, '', '2018-09-07 17:24:25', 12, 650),
(1114, '', '2018-09-07 17:30:52', 12, 653),
(1115, '', '2018-09-07 17:31:12', 12, 654),
(1116, '', '2018-09-07 17:33:33', 15, 593),
(1117, '', '2018-09-07 17:33:58', 12, 682),
(1118, '', '2018-09-07 17:35:12', 36, 598),
(1119, '', '2018-09-07 17:36:19', 6, 608),
(1120, '', '2018-09-07 17:36:48', 15, 639),
(1121, '', '2018-09-07 17:38:54', 27, 681),
(1122, '', '2018-09-07 17:42:02', 12, 661),
(1123, '', '2018-09-07 17:58:56', 27, 604),
(1124, '', '2018-09-07 18:01:52', 27, 608),
(1125, '', '2018-09-07 18:02:59', 30, 730),
(1126, '', '2018-09-07 18:04:01', 29, 702),
(1127, '', '2018-09-07 18:06:12', 22, 717),
(1128, '', '2018-09-07 18:06:35', 30, 680),
(1129, '', '2018-09-07 18:13:43', 22, 685),
(1130, '', '2018-09-07 18:32:05', 30, 714),
(1131, '', '2018-09-07 18:34:57', 15, 713),
(1132, '', '2018-09-07 18:39:56', 22, 713),
(1133, '', '2018-09-07 18:41:16', 11, 721),
(1134, '', '2018-09-07 18:47:29', 30, 704),
(1135, '', '2018-09-07 18:48:08', 10, 639),
(1136, '', '2018-09-07 18:49:23', 4, 715),
(1137, '', '2018-09-07 18:49:48', 15, 598),
(1138, '', '2018-09-07 18:50:12', 9, 598),
(1139, '', '2018-09-07 18:51:02', 25, 615),
(1140, '', '2018-09-07 18:54:07', 12, 653),
(1141, '', '2018-09-07 19:00:01', 22, 633),
(1142, '', '2018-09-07 19:02:08', 17, 725),
(1143, '', '2018-09-07 19:06:54', 46, 604),
(1144, '', '2018-09-07 19:08:06', 16, 625),
(1145, '', '2018-09-07 19:08:52', 40, 618),
(1146, '', '2018-09-07 19:09:21', 25, 649),
(1147, '', '2018-09-07 19:11:27', 47, 669),
(1148, '', '2018-09-07 19:15:11', 30, 595),
(1149, '', '2018-09-07 19:16:31', 42, 618),
(1150, '', '2018-09-07 19:17:55', 30, 715),
(1151, '', '2018-09-07 19:19:39', 31, 718),
(1152, '', '2018-09-07 19:21:02', 15, 527),
(1153, '', '2018-09-07 19:22:18', 35, 651),
(1154, '', '2018-09-07 19:23:53', 21, 648),
(1155, '', '2018-09-07 19:25:01', 10, 651),
(1156, '', '2018-09-07 19:31:21', 52, 690),
(1157, '', '2018-09-07 19:33:15', 32, 650),
(1158, '', '2018-09-07 19:38:06', 21, 669),
(1159, '', '2018-09-07 19:45:45', 21, 699),
(1160, '', '2018-09-07 19:46:17', 22, 696),
(1161, '', '2018-09-07 19:47:45', 27, 651),
(1162, '', '2018-09-07 19:48:03', 10, 608),
(1163, '', '2018-09-07 19:48:48', 25, 623),
(1164, '', '2018-09-07 19:49:53', 15, 609),
(1165, '', '2018-09-07 19:51:28', 34, 720),
(1166, '', '2018-09-07 20:06:27', 9, 601),
(1167, '', '2018-09-07 20:09:44', 40, 632),
(1168, '', '2018-09-07 20:12:42', 30, 665),
(1169, '', '2018-09-07 20:20:06', 12, 634),
(1170, '', '2018-09-07 20:21:36', 34, 696),
(1171, '', '2018-09-07 20:22:16', 26, 679),
(1172, '', '2018-09-07 20:23:05', 34, 612),
(1173, '', '2018-09-07 20:24:08', 7, 607),
(1174, '', '2018-09-07 20:24:35', 6, 611),
(1175, '', '2018-09-07 20:25:10', 2, 668),
(1176, '', '2018-09-07 20:25:33', 20, 669),
(1177, '', '2018-09-07 20:26:07', 31, 660),
(1178, '', '2018-09-07 20:26:29', 15, 613),
(1179, '', '2018-09-07 20:27:04', 3, 699),
(1180, '', '2018-09-07 20:27:48', 12, 688),
(1181, '', '2018-09-07 20:28:33', 19, 674);

--
-- Índices para tablas volcadas
--

--
-- Indices de la tabla `categoria`
--
ALTER TABLE `categoria`
  ADD PRIMARY KEY (`idCategoria`);

--
-- Indices de la tabla `cliente`
--
ALTER TABLE `cliente`
  ADD PRIMARY KEY (`idCliente`),
  ADD KEY `fk_Cliente_Grupo1_idx` (`Grupo_idGrupo`);

--
-- Indices de la tabla `detalle_venta`
--
ALTER TABLE `detalle_venta`
  ADD KEY `fk_Venta_has_Producto_Producto1_idx` (`Producto_idProducto`),
  ADD KEY `fk_Venta_has_Producto_Venta1_idx` (`Venta_idVenta`);

--
-- Indices de la tabla `grupo`
--
ALTER TABLE `grupo`
  ADD PRIMARY KEY (`idGrupo`);

--
-- Indices de la tabla `marca`
--
ALTER TABLE `marca`
  ADD PRIMARY KEY (`idMarca`);

--
-- Indices de la tabla `producto`
--
ALTER TABLE `producto`
  ADD PRIMARY KEY (`idProducto`),
  ADD KEY `fk_Producto_Categoria_idx` (`Categoria_idCategoria`),
  ADD KEY `fk_Producto_Marca1_idx` (`Marca_idMarca`);

--
-- Indices de la tabla `usuario`
--
ALTER TABLE `usuario`
  ADD PRIMARY KEY (`idUsuario`);

--
-- Indices de la tabla `venta`
--
ALTER TABLE `venta`
  ADD PRIMARY KEY (`idVenta`),
  ADD KEY `fk_Venta_Cliente1_idx` (`Cliente_idCliente`);

--
-- AUTO_INCREMENT de las tablas volcadas
--

--
-- AUTO_INCREMENT de la tabla `categoria`
--
ALTER TABLE `categoria`
  MODIFY `idCategoria` int(11) NOT NULL AUTO_INCREMENT, AUTO_INCREMENT=10;

--
-- AUTO_INCREMENT de la tabla `cliente`
--
ALTER TABLE `cliente`
  MODIFY `idCliente` int(11) NOT NULL AUTO_INCREMENT, AUTO_INCREMENT=736;

--
-- AUTO_INCREMENT de la tabla `grupo`
--
ALTER TABLE `grupo`
  MODIFY `idGrupo` int(11) NOT NULL AUTO_INCREMENT, AUTO_INCREMENT=34;

--
-- AUTO_INCREMENT de la tabla `marca`
--
ALTER TABLE `marca`
  MODIFY `idMarca` int(11) NOT NULL AUTO_INCREMENT, AUTO_INCREMENT=28;

--
-- AUTO_INCREMENT de la tabla `producto`
--
ALTER TABLE `producto`
  MODIFY `idProducto` int(11) NOT NULL AUTO_INCREMENT, AUTO_INCREMENT=124;

--
-- AUTO_INCREMENT de la tabla `usuario`
--
ALTER TABLE `usuario`
  MODIFY `idUsuario` int(11) NOT NULL AUTO_INCREMENT, AUTO_INCREMENT=10;

--
-- AUTO_INCREMENT de la tabla `venta`
--
ALTER TABLE `venta`
  MODIFY `idVenta` int(11) NOT NULL AUTO_INCREMENT, AUTO_INCREMENT=1182;

--
-- Restricciones para tablas volcadas
--

--
-- Filtros para la tabla `cliente`
--
ALTER TABLE `cliente`
  ADD CONSTRAINT `fk_Cliente_Grupo1` FOREIGN KEY (`Grupo_idGrupo`) REFERENCES `grupo` (`idGrupo`) ON DELETE NO ACTION ON UPDATE NO ACTION;

--
-- Filtros para la tabla `detalle_venta`
--
ALTER TABLE `detalle_venta`
  ADD CONSTRAINT `fk_Venta_has_Producto_Producto1` FOREIGN KEY (`Producto_idProducto`) REFERENCES `producto` (`idProducto`) ON DELETE NO ACTION ON UPDATE NO ACTION,
  ADD CONSTRAINT `fk_Venta_has_Producto_Venta1` FOREIGN KEY (`Venta_idVenta`) REFERENCES `venta` (`idVenta`) ON DELETE NO ACTION ON UPDATE NO ACTION;

--
-- Filtros para la tabla `producto`
--
ALTER TABLE `producto`
  ADD CONSTRAINT `fk_Producto_Categoria` FOREIGN KEY (`Categoria_idCategoria`) REFERENCES `categoria` (`idCategoria`) ON DELETE NO ACTION ON UPDATE NO ACTION,
  ADD CONSTRAINT `fk_Producto_Marca1` FOREIGN KEY (`Marca_idMarca`) REFERENCES `marca` (`idMarca`) ON DELETE NO ACTION ON UPDATE NO ACTION;

--
-- Filtros para la tabla `venta`
--
ALTER TABLE `venta`
  ADD CONSTRAINT `fk_Venta_Cliente1` FOREIGN KEY (`Cliente_idCliente`) REFERENCES `cliente` (`idCliente`) ON DELETE NO ACTION ON UPDATE NO ACTION;
COMMIT;

/*!40101 SET CHARACTER_SET_CLIENT=@OLD_CHARACTER_SET_CLIENT */;
/*!40101 SET CHARACTER_SET_RESULTS=@OLD_CHARACTER_SET_RESULTS */;
/*!40101 SET COLLATION_CONNECTION=@OLD_COLLATION_CONNECTION */;
