-- phpMyAdmin SQL Dump
-- version 4.7.4
-- https://www.phpmyadmin.net/
--
-- Servidor: 127.0.0.1
-- Tiempo de generación: 02-05-2018 a las 05:09:01
-- Versión del servidor: 10.1.30-MariaDB
-- Versión de PHP: 7.2.1

SET SQL_MODE = "NO_AUTO_VALUE_ON_ZERO";
SET AUTOCOMMIT = 0;
START TRANSACTION;
SET time_zone = "+00:00";


/*!40101 SET @OLD_CHARACTER_SET_CLIENT=@@CHARACTER_SET_CLIENT */;
/*!40101 SET @OLD_CHARACTER_SET_RESULTS=@@CHARACTER_SET_RESULTS */;
/*!40101 SET @OLD_COLLATION_CONNECTION=@@COLLATION_CONNECTION */;
/*!40101 SET NAMES utf8mb4 */;

--
-- Base de datos: `tienda_cbb`
--
CREATE DATABASE IF NOT EXISTS `tienda_cbb` DEFAULT CHARACTER SET utf8 COLLATE utf8_general_ci;
USE `tienda_cbb`;

-- --------------------------------------------------------

--
-- Estructura de tabla para la tabla `categoria`
--

CREATE TABLE `categoria` (
  `idCategoria` int(11) NOT NULL,
  `nombre` varchar(255) DEFAULT NULL
) ENGINE=InnoDB DEFAULT CHARSET=utf8;

--
-- Volcado de datos para la tabla `categoria`
--

INSERT INTO `categoria` (`idCategoria`, `nombre`) VALUES
(1, 'Bebida'),
(2, 'Lacteo'),
(3, 'Postre'),
(4, 'Congelados'),
(5, 'Snack'),
(6, 'Caramelo'),
(7, 'Alimento'),
(8, 'Desechable'),
(9, 'Dulce');

-- --------------------------------------------------------

--
-- Estructura de tabla para la tabla `cliente`
--

CREATE TABLE `cliente` (
  `idCliente` int(11) NOT NULL,
  `nombre` varchar(255) DEFAULT NULL,
  `saldo` double DEFAULT NULL,
  `Grupo_idGrupo` int(11) NOT NULL,
  `qr` varchar(255) DEFAULT NULL,
  `foto` longblob,
  `tutor` varchar(255) DEFAULT NULL,
  `telefono` varchar(255) DEFAULT NULL,
  `correo` varchar(255) DEFAULT NULL,
  `vigencia` date NOT NULL DEFAULT '2018-03-10',
  `limite` int(11) NOT NULL DEFAULT '0'
) ENGINE=InnoDB DEFAULT CHARSET=utf8;

--
-- Volcado de datos para la tabla `cliente`
--

INSERT INTO `cliente` (`idCliente`, `nombre`, `saldo`, `Grupo_idGrupo`, `qr`, `foto`, `tutor`, `telefono`, `correo`, `vigencia`, `limite`) VALUES
(1, 'PUBLICO EN GENERAL', 0, 30, NULL, NULL, NULL, NULL, NULL, '2018-12-31', 0),
(2, 'ALARCON MARTINEZ EMILIO', 0, 5, 'BSTR_2_2018-12-31', NULL, NULL, NULL, NULL, '2018-12-31', 0),
(3, 'ALCEDA YORBA REGINA', -285, 5, 'BSTR_3_2018-12-31', NULL, NULL, NULL, NULL, '2018-12-31', 0),
(4, 'CHANTIRI VIDAL KAREN NICOLE', 0, 5, 'BSTR_4_2018-12-31', NULL, NULL, NULL, NULL, '2018-12-31', 0),
(5, 'FLORES LUJAMBIO ANA ISABEL', 0, 5, 'BSTR_5_2018-12-31', NULL, NULL, NULL, NULL, '2018-12-31', 0),
(6, 'FLORES VELAZQUEZ CHRISTIAN ADAN', 0, 5, 'BSTR_6_2018-12-31', NULL, NULL, NULL, NULL, '2018-12-31', 0),
(7, 'JAUREGUI TERAN EMILIANO', 0, 5, 'BSTR_7_2018-12-31', NULL, NULL, NULL, NULL, '2018-12-31', 0),
(8, 'JURI CARLI MAURICE', 0, 5, 'BSTR_8_2018-12-31', NULL, NULL, NULL, NULL, '2018-12-31', 0),
(9, 'LINARES RODRIGUEZ FERNANDA', 0, 5, 'BSTR_9_2018-12-31', NULL, NULL, NULL, NULL, '2018-12-31', 0),
(10, 'MALPICA PALMA EIZA MONTSERRAT', 0, 5, 'BSTR_10_2018-12-31', NULL, NULL, NULL, NULL, '2018-12-31', 0),
(11, 'MARIN PONCE DIEGO', -9, 5, 'BSTR_11_2018-12-31', NULL, NULL, NULL, NULL, '2018-12-31', 0),
(12, 'MARTINEZ RIVERA RENATA', 0, 5, 'BSTR_12_2018-12-31', NULL, NULL, NULL, NULL, '2018-12-31', 0),
(13, 'MURILLO BEDOYA ANTONELLA', 0, 5, 'BSTR_13_2018-12-31', NULL, NULL, NULL, NULL, '2018-12-31', 0),
(14, 'RIVERA FRAGOSO RICARDO IGNACIO', 0, 5, 'BSTR_14_2018-12-31', NULL, NULL, NULL, NULL, '2018-12-31', 0),
(15, 'RUZ PARRA LEONARDO', 0, 5, 'BSTR_15_2018-12-31', NULL, NULL, NULL, NULL, '2018-12-31', 0),
(16, 'TOLEDO VIDAL ALEXANDER', 0, 5, 'BSTR_16_2018-12-31', NULL, NULL, NULL, NULL, '2018-12-31', 0),
(17, 'URIBE VALDIVIA SARA MARIA', 0, 5, 'BSTR_17_2018-12-31', NULL, NULL, NULL, NULL, '2018-12-31', 0),
(18, 'VALENCIA PABLOS RODRIGO', 0, 5, 'BSTR_18_2018-12-31', NULL, NULL, NULL, NULL, '2018-12-31', 0),
(19, 'ZUANI CASSO SAMARA', 0, 5, 'BSTR_19_2018-12-31', NULL, NULL, NULL, NULL, '2018-12-31', 0),
(20, 'ALE GALICIA ALFONSO', 0, 4, 'BSTR_20_2018-12-31', NULL, NULL, NULL, NULL, '2018-12-31', 0),
(21, 'BRAVO MORALES SAMUEL', 0, 4, 'BSTR_21_2018-12-31', NULL, NULL, NULL, NULL, '2018-12-31', 0),
(22, 'COBOS DELGADILLO PAULINA', 0, 4, 'BSTR_22_2018-12-31', NULL, NULL, NULL, NULL, '2018-12-31', 0),
(23, 'LUNA CANCELA JULIETA', 0, 4, 'BSTR_23_2018-12-31', NULL, NULL, NULL, NULL, '2018-12-31', 0),
(24, 'RANGEL RAMON MATIAS EDUARDO', 0, 4, 'BSTR_24_2018-12-31', NULL, NULL, NULL, NULL, '2018-12-31', 0),
(25, 'RIVERA DE LA GARZA MARIA PAULA', 0, 4, 'BSTR_25_2018-12-31', NULL, NULL, NULL, NULL, '2018-12-31', 0),
(26, 'RUIZ ALVAREZ STEPHAN GAEL', 0, 4, 'BSTR_26_2018-12-31', NULL, NULL, NULL, NULL, '2018-12-31', 0),
(27, 'VIERIA VICTOR', 0, 4, 'BSTR_27_2018-12-31', NULL, NULL, NULL, NULL, '2018-12-31', 0),
(28, 'ALVAREZ ELICEIRY VALENTINA', 0, 6, 'BSTR_28_2018-12-31', NULL, NULL, NULL, NULL, '2018-12-31', 0),
(29, 'CAMACHO RAMIREZ JAIME', 0, 6, 'BSTR_29_2018-12-31', NULL, NULL, NULL, NULL, '2018-12-31', 0),
(30, 'CAMARA SUBIZAR LUIS ANGEL', 0, 6, 'BSTR_30_2018-12-31', NULL, NULL, NULL, NULL, '2018-12-31', 0),
(31, 'CASTILLO RAMIREZ TANIA VALENTINA', 0, 6, 'BSTR_31_2018-12-31', NULL, NULL, NULL, NULL, '2018-12-31', 0),
(32, 'DONADO PEREZ ANA NICOLE DENISSE', 0, 6, 'BSTR_32_2018-12-31', NULL, NULL, NULL, NULL, '2018-12-31', 0),
(33, 'GARCIA HERNANDEZ MAXIMO ALEJANDRO', 0, 6, 'BSTR_33_2018-12-31', NULL, NULL, NULL, NULL, '2018-12-31', 0),
(34, 'GONZALEZ LOPEZ ANGELA SOFIA', 0, 6, 'BSTR_34_2018-12-31', NULL, NULL, NULL, NULL, '2018-12-31', 0),
(35, 'GUIZAR VILLALVAZO MIRANDA', 0, 6, 'BSTR_35_2018-12-31', NULL, NULL, NULL, NULL, '2018-12-31', 0),
(36, 'HINOJOSA HERRERA MATEO', 0, 6, 'BSTR_36_2018-12-31', NULL, NULL, NULL, NULL, '2018-12-31', 0),
(37, 'LIMON LOPEZ CECILIA', 0, 6, 'BSTR_37_2018-12-31', NULL, NULL, NULL, NULL, '2018-12-31', 0),
(38, 'MORALES CASAS RA?L', 0, 6, 'BSTR_38_2018-12-31', NULL, NULL, NULL, NULL, '2018-12-31', 0),
(39, 'NORIEGA MORALES LUIS ANDRE', 0, 6, 'BSTR_39_2018-12-31', NULL, NULL, NULL, NULL, '2018-12-31', 0),
(40, 'PEREA GONZALEZ JIMENA', 0, 6, 'BSTR_40_2018-12-31', NULL, NULL, NULL, NULL, '2018-12-31', 0),
(41, 'PIRIZ GONZALEZ XIMENA', 0, 6, 'BSTR_41_2018-12-31', NULL, NULL, NULL, NULL, '2018-12-31', 0),
(42, 'SUAREZ GARCIA SOFIA', 0, 6, 'BSTR_42_2018-12-31', NULL, NULL, NULL, NULL, '2018-12-31', 0),
(43, 'VELASQUEZ ALEJANDRA SOFIA', 0, 6, 'BSTR_43_2018-12-31', NULL, NULL, NULL, NULL, '2018-12-31', 0),
(44, 'AHUET ZANATTA FARID MANUEL', 0, 2, 'BSTR_44_2018-12-31', NULL, NULL, NULL, NULL, '2018-12-31', 0),
(45, 'ANDRADE MONSIVAIS DANIELA', 0, 2, 'BSTR_45_2018-12-31', NULL, NULL, NULL, NULL, '2018-12-31', 0),
(46, 'APAN CUEVAS ANA ELENA', 0, 2, 'BSTR_46_2018-12-31', NULL, NULL, NULL, NULL, '2018-12-31', 0),
(47, 'CAGIGAS MARTINEZ CAROLINA', 0, 2, 'BSTR_47_2018-12-31', NULL, NULL, NULL, NULL, '2018-12-31', 0),
(48, 'CAPETILLO MEDEL MATEO', 0, 2, 'BSTR_48_2018-12-31', NULL, NULL, NULL, NULL, '2018-12-31', 0),
(49, 'CASTRO MORALES MATEO', 0, 2, 'BSTR_49_2018-12-31', NULL, NULL, NULL, NULL, '2018-12-31', 0),
(50, 'CORBALA LECHUGA AMANDA ELENA', 0, 2, 'BSTR_50_2018-12-31', NULL, NULL, NULL, NULL, '2018-12-31', 0),
(51, 'DUARTE ALVAREZ KEVIN', 0, 2, 'BSTR_51_2018-12-31', NULL, NULL, NULL, NULL, '2018-12-31', 0),
(52, 'FERNANDEZ MENDOZA PAULO', 0, 2, 'BSTR_52_2018-12-31', NULL, NULL, NULL, NULL, '2018-12-31', 0),
(53, 'FLORES ALANIS ANA VICTORIA', 0, 2, 'BSTR_53_2018-12-31', NULL, NULL, NULL, NULL, '2018-12-31', 0),
(54, 'GARCIA REYES MARCELA AIRAM', 0, 2, 'BSTR_54_2018-12-31', NULL, NULL, NULL, NULL, '2018-12-31', 0),
(55, 'GONZALEZ CERDA FRANCISCO', 0, 2, 'BSTR_55_2018-12-31', NULL, NULL, NULL, NULL, '2018-12-31', 0),
(56, 'GUILLAUMIN VALENCIA THIAGO', 0, 2, 'BSTR_56_2018-12-31', NULL, NULL, NULL, NULL, '2018-12-31', 0),
(57, 'LAGOS MARTINEZ DE ESCOBAR MARTINA', 0, 2, 'BSTR_57_2018-12-31', NULL, NULL, NULL, NULL, '2018-12-31', 0),
(58, 'LOERA SALINAS RODRIGO', 0, 2, 'BSTR_58_2018-12-31', NULL, NULL, NULL, NULL, '2018-12-31', 0),
(59, 'MALPICA PALMA SUVIRY ALEJANDRO', 0, 2, 'BSTR_59_2018-12-31', NULL, NULL, NULL, NULL, '2018-12-31', 0),
(60, 'PELLERANO GALBARSONINI JUAN SIMON', 0, 2, 'BSTR_60_2018-12-31', NULL, NULL, NULL, NULL, '2018-12-31', 0),
(61, 'TELLEZ TERAN MIRANDA', 0, 2, 'BSTR_61_2018-12-31', NULL, NULL, NULL, NULL, '2018-12-31', 0),
(62, 'THOMAS GUTIERREZ ANDRE', 0, 2, 'BSTR_62_2018-12-31', NULL, NULL, NULL, NULL, '2018-12-31', 0),
(63, 'TRUEBA VERDUZCO EDUARDO', 0, 2, 'BSTR_63_2018-12-31', NULL, NULL, NULL, NULL, '2018-12-31', 0),
(64, 'VELASQUEZ ISABELLA MARIA', 0, 2, 'BSTR_64_2018-12-31', NULL, NULL, NULL, NULL, '2018-12-31', 0),
(65, 'VILLA TIBURCIO RUBEN DE JESUS', 0, 2, 'BSTR_65_2018-12-31', NULL, NULL, NULL, NULL, '2018-12-31', 0),
(66, 'AGUILAR DEL ANGEL ALBERTO YAMIL', 0, 1, 'BSTR_66_2018-12-31', NULL, NULL, NULL, NULL, '2018-12-31', 0),
(67, 'ARNAU AUDIRAC MATEO', 0, 1, 'BSTR_67_2018-12-31', NULL, NULL, NULL, NULL, '2018-12-31', 0),
(68, 'CAGIGAS DACARETT RAFAEL', 0, 1, 'BSTR_68_2018-12-31', NULL, NULL, NULL, NULL, '2018-12-31', 0),
(69, 'GALICIA VIRUES ANA SOFIA', 0, 1, 'BSTR_69_2018-12-31', NULL, NULL, NULL, NULL, '2018-12-31', 0),
(70, 'GUZMAN FERNANDEZ EMILIA', 0, 1, 'BSTR_70_2018-12-31', NULL, NULL, NULL, NULL, '2018-12-31', 0),
(71, 'JIMENEZ MOYA NATALIA', 0, 1, 'BSTR_71_2018-12-31', NULL, NULL, NULL, NULL, '2018-12-31', 0),
(72, 'LOPEZ HERMIDA ANA VICTORIA', 0, 1, 'BSTR_72_2018-12-31', NULL, NULL, NULL, NULL, '2018-12-31', 0),
(73, 'LUNA CANCELA LAUTARO', 0, 1, 'BSTR_73_2018-12-31', NULL, NULL, NULL, NULL, '2018-12-31', 0),
(74, 'MACIEL BOCANEGRA JOSE EDUARDO', 0, 1, 'BSTR_74_2018-12-31', NULL, NULL, NULL, NULL, '2018-12-31', 0),
(75, 'MARTINEZ MONTEMAYOR NICOLAS', 0, 1, 'BSTR_75_2018-12-31', NULL, NULL, NULL, NULL, '2018-12-31', 0),
(76, 'MATIAS MIRANDA MAAX', 0, 1, 'BSTR_76_2018-12-31', NULL, NULL, NULL, NULL, '2018-12-31', 0),
(77, 'PEREZ MOLINA OSCAR TADEO', 0, 1, 'BSTR_77_2018-12-31', NULL, NULL, NULL, NULL, '2018-12-31', 0),
(78, 'POUCHOULEN HERNANDEZ MARCO ANTONIO', 0, 1, 'BSTR_78_2018-12-31', NULL, NULL, NULL, NULL, '2018-12-31', 0),
(79, 'REYES RIVERA FELIX EDUARDO', 0, 1, 'BSTR_79_2018-12-31', NULL, NULL, NULL, NULL, '2018-12-31', 0),
(80, 'RODRIGUEZ HERNANDEZ JUAN JOSE', 0, 1, 'BSTR_80_2018-12-31', NULL, NULL, NULL, NULL, '2018-12-31', 0),
(81, 'RUIZ MARTINEZ ALEJANDRO YAEL', 0, 1, 'BSTR_81_2018-12-31', NULL, NULL, NULL, NULL, '2018-12-31', 0),
(82, 'SALDIVAR VAZQUEZ VICTORIA', 0, 1, 'BSTR_82_2018-12-31', NULL, NULL, NULL, NULL, '2018-12-31', 0),
(83, 'SOTO MARISCAL SEBASTIAN JIRAM', 0, 1, 'BSTR_83_2018-12-31', NULL, NULL, NULL, NULL, '2018-12-31', 0),
(84, 'VEYTIA ARTEAGA RENATA', 0, 1, 'BSTR_84_2018-12-31', NULL, NULL, NULL, NULL, '2018-12-31', 0),
(85, 'VEYTIA ARTEAGA ROBERTA', 0, 1, 'BSTR_85_2018-12-31', NULL, NULL, NULL, NULL, '2018-12-31', 0),
(86, 'VIVEROS MONTERO ELENA', 0, 1, 'BSTR_86_2018-12-31', NULL, NULL, NULL, NULL, '2018-12-31', 0),
(87, 'ZARATE MARTINEZ ANA', 0, 1, 'BSTR_87_2018-12-31', NULL, NULL, NULL, NULL, '2018-12-31', 0),
(88, 'BRAVO FERNANDEZ MIA SELENA', 0, 3, 'BSTR_88_2018-12-31', NULL, NULL, NULL, NULL, '2018-12-31', 0),
(89, 'CAMARA SUBIZAR MATEO', 0, 3, 'BSTR_89_2018-12-31', NULL, NULL, NULL, NULL, '2018-12-31', 0),
(90, 'CHRYSIKOS VERA KONSTANTINOS', 0, 3, 'BSTR_90_2018-12-31', NULL, NULL, NULL, NULL, '2018-12-31', 0),
(91, 'CORS PRECIADO ISABEL', 0, 3, 'BSTR_91_2018-12-31', NULL, NULL, NULL, NULL, '2018-12-31', 0),
(92, 'COSSIO PEREIRA LEONARDO', 0, 3, 'BSTR_92_2018-12-31', NULL, NULL, NULL, NULL, '2018-12-31', 0),
(93, 'DOMINGUEZ GONZALEZ ELIAS', 0, 3, 'BSTR_93_2018-12-31', NULL, NULL, NULL, NULL, '2018-12-31', 0),
(94, 'FERNANDEZ SALAS JESSICA NATALIA', 0, 3, 'BSTR_94_2018-12-31', NULL, NULL, NULL, NULL, '2018-12-31', 0),
(95, 'GROHMANN BARAJAS HUGO', 0, 3, 'BSTR_95_2018-12-31', NULL, NULL, NULL, NULL, '2018-12-31', 0),
(96, 'HERNANDEZ CASTRO ISABELLA', 0, 3, 'BSTR_96_2018-12-31', NULL, NULL, NULL, NULL, '2018-12-31', 0),
(97, 'LOPEZ RODRIGUEZ GABRIEL', 0, 3, 'BSTR_97_2018-12-31', NULL, NULL, NULL, NULL, '2018-12-31', 0),
(98, 'OBREGON LAGUNES MARIA FERNANDA', 0, 3, 'BSTR_98_2018-12-31', NULL, NULL, NULL, NULL, '2018-12-31', 0),
(99, 'ORTIZ ALVAREZ MATEO', 0, 3, 'BSTR_99_2018-12-31', NULL, NULL, NULL, NULL, '2018-12-31', 0),
(100, 'PEREZ VARGAS LUIS ALFONSO', 0, 3, 'BSTR_100_2018-12-31', NULL, NULL, NULL, NULL, '2018-12-31', 0),
(101, 'REINKING FERRER XIMENA', 0, 3, 'BSTR_101_2018-12-31', NULL, NULL, NULL, NULL, '2018-12-31', 0),
(102, 'REYES ROJAS ANDRES', 0, 3, 'BSTR_102_2018-12-31', NULL, NULL, NULL, NULL, '2018-12-31', 0),
(103, 'ROMERO LOPEZ JORGE ALBERTO', 0, 3, 'BSTR_103_2018-12-31', NULL, NULL, NULL, NULL, '2018-12-31', 0),
(104, 'ROSSETE MORENO FRIDA', 0, 3, 'BSTR_104_2018-12-31', NULL, NULL, NULL, NULL, '2018-12-31', 0),
(105, 'RUZ PARRA DIEGO', 0, 3, 'BSTR_105_2018-12-31', NULL, NULL, NULL, NULL, '2018-12-31', 0),
(106, 'SANTIAGO MORANDO MIRANDA', 0, 3, 'BSTR_106_2018-12-31', NULL, NULL, NULL, NULL, '2018-12-31', 0),
(107, 'TOLEDO GARCIA ANTHIA', 0, 3, 'BSTR_107_2018-12-31', NULL, NULL, NULL, NULL, '2018-12-31', 0),
(108, 'TREVI?O LAGUNES IVANNA', 0, 3, 'BSTR_108_2018-12-31', NULL, NULL, NULL, NULL, '2018-12-31', 0),
(109, 'TRUEBA VERDUZCO KYLIE', 0, 3, 'BSTR_109_2018-12-31', NULL, NULL, NULL, NULL, '2018-12-31', 0),
(110, 'ALDECO URIBE DANA', 0, 7, 'BSTR_110_2018-12-31', NULL, NULL, NULL, NULL, '2018-12-31', 0),
(111, 'ARJONA TRUJILLO PATRICIO', -192, 7, 'BSTR_111_2018-12-31', NULL, NULL, NULL, NULL, '2018-12-31', 0),
(112, 'ARNAUD OBESO ALMA KARINA', 0, 7, 'BSTR_112_2018-12-31', NULL, NULL, NULL, NULL, '2018-12-31', 0),
(113, 'CAGIGAS SEEMANN RODRIGO', 0, 7, 'BSTR_113_2018-12-31', NULL, NULL, NULL, NULL, '2018-12-31', 0),
(114, 'CAGIGAS DACARETT SEBASTIAN RAFAEL', 0, 7, 'BSTR_114_2018-12-31', NULL, NULL, NULL, NULL, '2018-12-31', 0),
(115, 'CASTILLO RAMIREZ LUIS ALESSANDRO', 0, 7, 'BSTR_115_2018-12-31', NULL, NULL, NULL, NULL, '2018-12-31', 0),
(116, 'COBOS DELGADILLO ROMINA', 0, 7, 'BSTR_116_2018-12-31', NULL, NULL, NULL, NULL, '2018-12-31', 0),
(117, 'CORS PRECIADO TANYA', 0, 7, 'BSTR_117_2018-12-31', NULL, NULL, NULL, NULL, '2018-12-31', 0),
(118, 'DE THOMAS VAZQUEZ LEONARDO', 0, 7, 'BSTR_118_2018-12-31', NULL, NULL, NULL, NULL, '2018-12-31', 0),
(119, 'ESTRADA CORTES DIEGO SEBASTIAN', 0, 7, 'BSTR_119_2018-12-31', NULL, NULL, NULL, NULL, '2018-12-31', 0),
(120, 'FIGUEROA CASANUEVA GABRIEL', 0, 7, 'BSTR_120_2018-12-31', NULL, NULL, NULL, NULL, '2018-12-31', 0),
(121, 'GUIZAR VILLALVAZO MIGUEL', 0, 7, 'BSTR_121_2018-12-31', NULL, NULL, NULL, NULL, '2018-12-31', 0),
(122, 'LIMON LOPEZ CAMILA', 0, 7, 'BSTR_122_2018-12-31', NULL, NULL, NULL, NULL, '2018-12-31', 0),
(123, 'MARTINEZ RIPOLL ELIAS', 0, 7, 'BSTR_123_2018-12-31', NULL, NULL, NULL, NULL, '2018-12-31', 0),
(124, 'MARTINEZ FRANCOS ANNY ISABELLA', 0, 7, 'BSTR_124_2018-12-31', NULL, NULL, NULL, NULL, '2018-12-31', 0),
(125, 'OROZCO MEMBRE?O ALINA', 0, 7, 'BSTR_125_2018-12-31', NULL, NULL, NULL, NULL, '2018-12-31', 0),
(126, 'PIRIZ GONZALEZ NATALIA', 0, 7, 'BSTR_126_2018-12-31', NULL, NULL, NULL, NULL, '2018-12-31', 0),
(127, 'RHODE ELIZONDO GERHARD HUMBERTUS', 0, 7, 'BSTR_127_2018-12-31', NULL, NULL, NULL, NULL, '2018-12-31', 0),
(128, 'RUIZ ALVAREZ PAOLO NAIN', 0, 7, 'BSTR_128_2018-12-31', NULL, NULL, NULL, NULL, '2018-12-31', 0),
(129, 'VALENCIA DIAZ NATALIA', 0, 7, 'BSTR_129_2018-12-31', NULL, NULL, NULL, NULL, '2018-12-31', 0),
(130, 'VILLANUEVA LOZANO ANA CAROLINA', 0, 7, 'BSTR_130_2018-12-31', NULL, NULL, NULL, NULL, '2018-12-31', 0),
(131, 'ALARCON MARTINEZ RODRIGO', 0, 8, 'BSTR_131_2018-12-31', NULL, NULL, NULL, NULL, '2018-12-31', 0),
(132, 'ANAYA CAPELL SERGIO', 0, 8, 'BSTR_132_2018-12-31', NULL, NULL, NULL, NULL, '2018-12-31', 0),
(133, 'CHAVELA NU?O MATTEO', 0, 8, 'BSTR_133_2018-12-31', NULL, NULL, NULL, NULL, '2018-12-31', 0),
(134, 'DE LA CRUZ BERLANGA FARID', 0, 8, 'BSTR_134_2018-12-31', NULL, NULL, NULL, NULL, '2018-12-31', 0),
(135, 'FLORES VELAZQUEZ MICHELL', 0, 8, 'BSTR_135_2018-12-31', NULL, NULL, NULL, NULL, '2018-12-31', 0),
(136, 'FRAGOSO DIAZ MIRON ANA CLAUDIA', 0, 8, 'BSTR_136_2018-12-31', NULL, NULL, NULL, NULL, '2018-12-31', 0),
(137, 'GARCIA ORNELAS DIEGO', 0, 8, 'BSTR_137_2018-12-31', NULL, NULL, NULL, NULL, '2018-12-31', 0),
(138, 'HERNANDEZ REYES ISIS VALENTINA', 0, 8, 'BSTR_138_2018-12-31', NULL, NULL, NULL, NULL, '2018-12-31', 0),
(139, 'HERRERA DE LEON MARIEL ALEJANDRA', 0, 8, 'BSTR_139_2018-12-31', NULL, NULL, NULL, NULL, '2018-12-31', 0),
(140, 'MARTINEZ HORTA MATEO', 0, 8, 'BSTR_140_2018-12-31', NULL, NULL, NULL, NULL, '2018-12-31', 0),
(141, 'PARRA HAJJ SEBASTIAN', 0, 8, 'BSTR_141_2018-12-31', NULL, NULL, NULL, NULL, '2018-12-31', 0),
(142, 'PELLERANO GALBARSONINI FRANCESCA MARIA', 0, 8, 'BSTR_142_2018-12-31', NULL, NULL, NULL, NULL, '2018-12-31', 0),
(143, 'RODRIGUEZ TARAZONA JOHN JERONIMO', 0, 8, 'BSTR_143_2018-12-31', NULL, NULL, NULL, NULL, '2018-12-31', 0),
(144, 'ROJAS VELVER IKER', 0, 8, 'BSTR_144_2018-12-31', NULL, NULL, NULL, NULL, '2018-12-31', 0),
(145, 'SANZ FERNANDEZ BARBARA', 0, 8, 'BSTR_145_2018-12-31', NULL, NULL, NULL, NULL, '2018-12-31', 0),
(146, 'VALDEZ VAZQUEZ SANTIAGO', 0, 8, 'BSTR_146_2018-12-31', NULL, NULL, NULL, NULL, '2018-12-31', 0),
(147, 'VELEZ SALAS DIEGO', 0, 8, 'BSTR_147_2018-12-31', NULL, NULL, NULL, NULL, '2018-12-31', 0),
(148, 'VERA CUAN SANTIAGO', 0, 8, 'BSTR_148_2018-12-31', NULL, NULL, NULL, NULL, '2018-12-31', 0),
(149, 'VILA BARRAGAN EMMA', 0, 8, 'BSTR_149_2018-12-31', NULL, NULL, NULL, NULL, '2018-12-31', 0),
(150, 'VILLANUEVA RUELAS ANDREA', 0, 8, 'BSTR_150_2018-12-31', NULL, NULL, NULL, NULL, '2018-12-31', 0),
(151, 'ZSCHECHER CONTRERAS NOLAN MIKAEL', 0, 8, 'BSTR_151_2018-12-31', NULL, NULL, NULL, NULL, '2018-12-31', 0),
(152, 'AGUILAR RAMIREZ KIARA', 0, 9, 'BSTR_152_2018-12-31', NULL, NULL, NULL, NULL, '2018-12-31', 0),
(153, 'BRAVO MORALES MACARENA', 0, 9, 'BSTR_153_2018-12-31', NULL, NULL, NULL, NULL, '2018-12-31', 0),
(154, 'CERVANTES MARTINEZ DIEGO', 0, 9, 'BSTR_154_2018-12-31', NULL, NULL, NULL, NULL, '2018-12-31', 0),
(155, 'ESTRADA TAPIA ALEJANDRO', 0, 9, 'BSTR_155_2018-12-31', NULL, NULL, NULL, NULL, '2018-12-31', 0),
(156, 'FAVELA SOTO ADRIAN', 0, 9, 'BSTR_156_2018-12-31', NULL, NULL, NULL, NULL, '2018-12-31', 0),
(157, 'FLORES MONTIEL JACQUELINE', 0, 9, 'BSTR_157_2018-12-31', NULL, NULL, NULL, NULL, '2018-12-31', 0),
(158, 'GUEVARA VARGAS MATEO', 0, 9, 'BSTR_158_2018-12-31', NULL, NULL, NULL, NULL, '2018-12-31', 0),
(159, 'HERMIDA FREYRE MIA CAROLINA', 0, 9, 'BSTR_159_2018-12-31', NULL, NULL, NULL, NULL, '2018-12-31', 0),
(160, 'ISOSORBE FICACHE JOSE MIGUEL', 0, 9, 'BSTR_160_2018-12-31', NULL, NULL, NULL, NULL, '2018-12-31', 0),
(161, 'MACIEL BOCANEGRA NATALIA', 0, 9, 'BSTR_161_2018-12-31', NULL, NULL, NULL, NULL, '2018-12-31', 0),
(162, 'MARIN PONCE DANIEL', 0, 9, 'BSTR_162_2018-12-31', NULL, NULL, NULL, NULL, '2018-12-31', 0),
(163, 'MONTEMURRO GARCIA DE LEON ISABELLA', 0, 9, 'BSTR_163_2018-12-31', NULL, NULL, NULL, NULL, '2018-12-31', 0),
(164, 'ORDO?EZ KLOSS ANDRES', 0, 9, 'BSTR_164_2018-12-31', NULL, NULL, NULL, NULL, '2018-12-31', 0),
(165, 'PEREZ MOLINA MARIA ALEJANDRA', 0, 9, 'BSTR_165_2018-12-31', NULL, NULL, NULL, NULL, '2018-12-31', 0),
(166, 'QUINTANA MORALES JORGE', 0, 9, 'BSTR_166_2018-12-31', NULL, NULL, NULL, NULL, '2018-12-31', 0),
(167, 'RUIZ GARCIA JORGE', 0, 9, 'BSTR_167_2018-12-31', NULL, NULL, NULL, NULL, '2018-12-31', 0),
(168, 'SALAS CUEVAS OTERO CARLOS GUILLERMO', 0, 9, 'BSTR_168_2018-12-31', NULL, NULL, NULL, NULL, '2018-12-31', 0),
(169, 'SALDIVAR VAZQUEZ MARIANO', 0, 9, 'BSTR_169_2018-12-31', NULL, NULL, NULL, NULL, '2018-12-31', 0),
(170, 'SANZ FERNANDEZ ARMANDO', 0, 9, 'BSTR_170_2018-12-31', NULL, NULL, NULL, NULL, '2018-12-31', 0),
(171, 'VIRGEN TAPIA LAURA', 0, 9, 'BSTR_171_2018-12-31', NULL, NULL, NULL, NULL, '2018-12-31', 0),
(172, 'ARJONA TRUJILLO MARIA JOSE', 0, 10, 'BSTR_172_2018-12-31', NULL, NULL, NULL, NULL, '2018-12-31', 0),
(173, 'BATELLI STELLA', 0, 10, 'BSTR_173_2018-12-31', NULL, NULL, NULL, NULL, '2018-12-31', 0),
(174, 'BORBON AVILES CAROLL SOFIA', 0, 10, 'BSTR_174_2018-12-31', NULL, NULL, NULL, NULL, '2018-12-31', 0),
(175, 'CAGIGAS SEEMANN RAFAEL', 0, 10, 'BSTR_175_2018-12-31', NULL, NULL, NULL, NULL, '2018-12-31', 0),
(176, 'CAGIGAS MARTINEZ IVANNA', 0, 10, 'BSTR_176_2018-12-31', NULL, NULL, NULL, NULL, '2018-12-31', 0),
(177, 'DAGER DIAZ DOMINIKA', 0, 10, 'BSTR_177_2018-12-31', NULL, NULL, NULL, NULL, '2018-12-31', 0),
(178, 'FRANCO GASCA ALONDRA', 0, 10, 'BSTR_178_2018-12-31', NULL, NULL, NULL, NULL, '2018-12-31', 0),
(179, 'GONZALEZ LOPEZ GABRIEL DAVID', 0, 10, 'BSTR_179_2018-12-31', NULL, NULL, NULL, NULL, '2018-12-31', 0),
(180, 'GONZALEZ ELIZUNDIA NANCY', 0, 10, 'BSTR_180_2018-12-31', NULL, NULL, NULL, NULL, '2018-12-31', 0),
(181, 'HERNANDEZ ANGELINA', 0, 10, 'BSTR_181_2018-12-31', NULL, NULL, NULL, NULL, '2018-12-31', 0),
(182, 'MARTINEZ RIPOLL RENATA', 0, 10, 'BSTR_182_2018-12-31', NULL, NULL, NULL, NULL, '2018-12-31', 0),
(183, 'ORTIZ GUTIERREZ CAMILA', 0, 10, 'BSTR_183_2018-12-31', NULL, NULL, NULL, NULL, '2018-12-31', 0),
(184, 'PADILLA BALLESTER FERNANDO', 0, 10, 'BSTR_184_2018-12-31', NULL, NULL, NULL, NULL, '2018-12-31', 0),
(185, 'PARRA HAJJ JUAN PABLO', 0, 10, 'BSTR_185_2018-12-31', NULL, NULL, NULL, NULL, '2018-12-31', 0),
(186, 'RUIZ MORAN XIMENA', 0, 10, 'BSTR_186_2018-12-31', NULL, NULL, NULL, NULL, '2018-12-31', 0),
(187, 'THOMAS GUTIERREZ ALINA', 0, 10, 'BSTR_187_2018-12-31', NULL, NULL, NULL, NULL, '2018-12-31', 0),
(188, 'TREVI?O DELGADO MATTEO', 0, 10, 'BSTR_188_2018-12-31', NULL, NULL, NULL, NULL, '2018-12-31', 0),
(189, 'TRUJILLO AGUILA MANUEL', 0, 10, 'BSTR_189_2018-12-31', NULL, NULL, NULL, NULL, '2018-12-31', 0),
(190, 'VIVEROS MONTERO ISABELA', 0, 10, 'BSTR_190_2018-12-31', NULL, NULL, NULL, NULL, '2018-12-31', 0),
(191, 'MILLAN LUZ', 0, 10, 'BSTR_191_2018-12-31', NULL, NULL, NULL, NULL, '2018-12-31', 0),
(192, 'AVILA VERGARA ALONDRA', 0, 29, 'BSTR_192_2018-12-31', NULL, NULL, NULL, NULL, '2018-12-31', 0),
(193, 'BRETON GUTIERREZ VICTORIA', 0, 29, 'BSTR_193_2018-12-31', NULL, NULL, NULL, NULL, '2018-12-31', 0),
(194, 'CARMONA ALFARO MARCELO', 0, 29, 'BSTR_194_2018-12-31', NULL, NULL, NULL, NULL, '2018-12-31', 0),
(195, 'CASTILLO CORONA EMILIANO', 0, 29, 'BSTR_195_2018-12-31', NULL, NULL, NULL, NULL, '2018-12-31', 0),
(196, 'CASTILLO CORONA ISA REGINA', 0, 29, 'BSTR_196_2018-12-31', NULL, NULL, NULL, NULL, '2018-12-31', 0),
(197, 'CROSA CUEVAS DIEGO', 0, 29, 'BSTR_197_2018-12-31', NULL, NULL, NULL, NULL, '2018-12-31', 0),
(198, 'CRUZ LOPEZ PEDRO ALEXANDER', 0, 29, 'BSTR_198_2018-12-31', NULL, NULL, NULL, NULL, '2018-12-31', 0),
(199, 'ESCAMILLA AGUILERA XIMENA', 0, 29, 'BSTR_199_2018-12-31', NULL, NULL, NULL, NULL, '2018-12-31', 0),
(200, 'GONZALEZ VICTORIA MANOHA', 0, 29, 'BSTR_200_2018-12-31', NULL, NULL, NULL, NULL, '2018-12-31', 0),
(201, 'LI?ERO JAIME RAFAEL', 0, 29, 'BSTR_201_2018-12-31', NULL, NULL, NULL, NULL, '2018-12-31', 0),
(202, 'LOPEZ PARDO PAULINA', 0, 29, 'BSTR_202_2018-12-31', NULL, NULL, NULL, NULL, '2018-12-31', 0),
(203, 'MENESES RODRIGUEZ PATRICIO', 0, 29, 'BSTR_203_2018-12-31', NULL, NULL, NULL, NULL, '2018-12-31', 0),
(204, 'MORENO CAGIGAS TATIANA', 0, 29, 'BSTR_204_2018-12-31', NULL, NULL, NULL, NULL, '2018-12-31', 0),
(205, 'MUGICA LIMON XIMENA', 0, 29, 'BSTR_205_2018-12-31', NULL, NULL, NULL, NULL, '2018-12-31', 0),
(206, 'OROZCO AUBRY ALEJANDRO', 0, 29, 'BSTR_206_2018-12-31', NULL, NULL, NULL, NULL, '2018-12-31', 0),
(207, 'ROMANO MENA DIEGO', 0, 29, 'BSTR_207_2018-12-31', NULL, NULL, NULL, NULL, '2018-12-31', 0),
(208, 'RUVALCABA CINTRA MARIA FERNANDA', 0, 29, 'BSTR_208_2018-12-31', NULL, NULL, NULL, NULL, '2018-12-31', 0),
(209, 'TEJEDA DESCHAMPS RAFAEL', 0, 29, 'BSTR_209_2018-12-31', NULL, NULL, NULL, NULL, '2018-12-31', 0),
(210, 'VELASCO OCHOA EMILIO', 0, 29, 'BSTR_210_2018-12-31', NULL, NULL, NULL, NULL, '2018-12-31', 0),
(211, 'ZURITA MARTINEZ VIVIAN', 0, 29, 'BSTR_211_2018-12-31', NULL, NULL, NULL, NULL, '2018-12-31', 0),
(212, 'AVILA TORRUCO EDUARDO', 0, 28, 'BSTR_212_2018-12-31', NULL, NULL, NULL, NULL, '2018-12-31', 0),
(213, 'BRAVO DE LA IGLESIA PABLO', 0, 28, 'BSTR_213_2018-12-31', NULL, NULL, NULL, NULL, '2018-12-31', 0),
(214, 'CANNON CENA CHRISTOPHER PAUL', 0, 28, 'BSTR_214_2018-12-31', NULL, NULL, NULL, NULL, '2018-12-31', 0),
(215, 'CASTELLANOS NU?O ALEJANDRA', 0, 28, 'BSTR_215_2018-12-31', NULL, NULL, NULL, NULL, '2018-12-31', 0),
(216, 'CASTILLO CORONA ALEXIA', 0, 28, 'BSTR_216_2018-12-31', NULL, NULL, NULL, NULL, '2018-12-31', 0),
(217, 'CASTILLO CORONA JUAN FRANCISCO', 0, 28, 'BSTR_217_2018-12-31', NULL, NULL, NULL, NULL, '2018-12-31', 0),
(218, 'CRESPO RUBIDO EDUARDO', 0, 28, 'BSTR_218_2018-12-31', NULL, NULL, NULL, NULL, '2018-12-31', 0),
(219, 'CRUZ ROCHA ANA ZORAIDA', 0, 28, 'BSTR_219_2018-12-31', NULL, NULL, NULL, NULL, '2018-12-31', 0),
(220, 'GANCEDO ARAGON RAMON', 0, 28, 'BSTR_220_2018-12-31', NULL, NULL, NULL, NULL, '2018-12-31', 0),
(221, 'GUZMAN ESPINOSA ALEJANDRA', 0, 28, 'BSTR_221_2018-12-31', NULL, NULL, NULL, NULL, '2018-12-31', 0),
(222, 'HERRERA MORTEO PATRICIO D´SAN JOSE', 0, 28, 'BSTR_222_2018-12-31', NULL, NULL, NULL, NULL, '2018-12-31', 0),
(223, 'JACOBSEN AMADO OLIVER', 0, 28, 'BSTR_223_2018-12-31', NULL, NULL, NULL, NULL, '2018-12-31', 0),
(224, 'MAROSSERO BIANCA', 0, 28, 'BSTR_224_2018-12-31', NULL, NULL, NULL, NULL, '2018-12-31', 0),
(225, 'MONJARDIN GUERRERO BIINISA', 0, 28, 'BSTR_225_2018-12-31', NULL, NULL, NULL, NULL, '2018-12-31', 0),
(226, 'MONROY LEON CECILIA', 0, 28, 'BSTR_226_2018-12-31', NULL, NULL, NULL, NULL, '2018-12-31', 0),
(227, 'MORALES CHAVEZ REBECA', 0, 28, 'BSTR_227_2018-12-31', NULL, NULL, NULL, NULL, '2018-12-31', 0),
(228, 'MURO CORS ARNAU', 0, 28, 'BSTR_228_2018-12-31', NULL, NULL, NULL, NULL, '2018-12-31', 0),
(229, 'PADILLA CISNEROS ANIA', 0, 28, 'BSTR_229_2018-12-31', NULL, NULL, NULL, NULL, '2018-12-31', 0),
(230, 'RODRIGUEZ SOLANA JACOBO', 0, 28, 'BSTR_230_2018-12-31', NULL, NULL, NULL, NULL, '2018-12-31', 0),
(231, 'RUIZ LOPEZ JESUS EMMANUEL', 0, 28, 'BSTR_231_2018-12-31', NULL, NULL, NULL, NULL, '2018-12-31', 0),
(232, 'SUJOL LLINAS MARLON', 0, 28, 'BSTR_232_2018-12-31', NULL, NULL, NULL, NULL, '2018-12-31', 0),
(233, 'VARGAS TUBILLA NATALIA', 0, 28, 'BSTR_233_2018-12-31', NULL, NULL, NULL, NULL, '2018-12-31', 0),
(234, 'VELEZ SALAS ANDREA', 0, 28, 'BSTR_234_2018-12-31', NULL, NULL, NULL, NULL, '2018-12-31', 0),
(235, 'ARAIZ ORTEGA ANA CECILIA', 0, 27, 'BSTR_235_2018-12-31', NULL, NULL, NULL, NULL, '2018-12-31', 0),
(236, 'BARRIOS GOMEZ DAVID', 0, 27, 'BSTR_236_2018-12-31', NULL, NULL, NULL, NULL, '2018-12-31', 0),
(237, 'CASADO MORALES JOSE ELIAS', 0, 27, 'BSTR_237_2018-12-31', NULL, NULL, NULL, NULL, '2018-12-31', 0),
(238, 'CORTES MENDEZ MARIA BELEN', 0, 27, 'BSTR_238_2018-12-31', NULL, NULL, NULL, NULL, '2018-12-31', 0),
(239, 'GONZALEZ LAMADRID FRANCISCO', 0, 27, 'BSTR_239_2018-12-31', NULL, NULL, NULL, NULL, '2018-12-31', 0),
(240, 'GONZALEZ SICILIA NIETO BEGO?A', 0, 27, 'BSTR_240_2018-12-31', NULL, NULL, NULL, NULL, '2018-12-31', 0),
(241, 'LAVALLE PINEDA KIARA', 0, 27, 'BSTR_241_2018-12-31', NULL, NULL, NULL, NULL, '2018-12-31', 0),
(242, 'MORENO CAGIGAS PABLO', 0, 27, 'BSTR_242_2018-12-31', NULL, NULL, NULL, NULL, '2018-12-31', 0),
(243, 'NAUFAL BRAVO FARID', 0, 27, 'BSTR_243_2018-12-31', NULL, NULL, NULL, NULL, '2018-12-31', 0),
(244, 'OLIVAS AVALOS CELESTE', 0, 27, 'BSTR_244_2018-12-31', NULL, NULL, NULL, NULL, '2018-12-31', 0),
(245, 'ROCA DURAN ANA SOFIA', 0, 27, 'BSTR_245_2018-12-31', NULL, NULL, NULL, NULL, '2018-12-31', 0),
(246, 'RUIZ LOPEZ PAULO AZIEL', 0, 27, 'BSTR_246_2018-12-31', NULL, NULL, NULL, NULL, '2018-12-31', 0),
(247, 'SANCHEZ VAZQUEZ RODOLFO', 0, 27, 'BSTR_247_2018-12-31', NULL, NULL, NULL, NULL, '2018-12-31', 0),
(248, 'SANTIAGO MORANDO CARLOS AUGUSTO', 0, 27, 'BSTR_248_2018-12-31', NULL, NULL, NULL, NULL, '2018-12-31', 0),
(249, 'AVILA TORRUCO SANTIAGO', 0, 26, 'BSTR_249_2018-12-31', NULL, NULL, NULL, NULL, '2018-12-31', 0),
(250, 'CEBRIAN VIDAL RAUL FERNANDO', 0, 26, 'BSTR_250_2018-12-31', NULL, NULL, NULL, NULL, '2018-12-31', 0),
(251, 'DESCHAMPS CAMPOS ALEJANDRA', 0, 26, 'BSTR_251_2018-12-31', NULL, NULL, NULL, NULL, '2018-12-31', 0),
(252, 'GONZALEZ HERRERA GERMAN VICENTE', 0, 26, 'BSTR_252_2018-12-31', NULL, NULL, NULL, NULL, '2018-12-31', 0),
(253, 'HERNANDEZ HOZ JUAN PABLO', 0, 26, 'BSTR_253_2018-12-31', NULL, NULL, NULL, NULL, '2018-12-31', 0),
(254, 'HERNANDEZ MORA VALERIA', 0, 26, 'BSTR_254_2018-12-31', NULL, NULL, NULL, NULL, '2018-12-31', 0),
(255, 'IBARRA MENDOZA ALEXANDRO', 0, 26, 'BSTR_255_2018-12-31', NULL, NULL, NULL, NULL, '2018-12-31', 0),
(256, 'LOPEZ TREJO MARIA FERNANDA', 0, 26, 'BSTR_256_2018-12-31', NULL, NULL, NULL, NULL, '2018-12-31', 0),
(257, 'RAMIREZ VENTURA IVY AMAERANY', 0, 26, 'BSTR_257_2018-12-31', NULL, NULL, NULL, NULL, '2018-12-31', 0),
(258, 'RICALDE ZAMORA ANA CRISTINA', 0, 26, 'BSTR_258_2018-12-31', NULL, NULL, NULL, NULL, '2018-12-31', 0),
(259, 'RUIZ DE LA ORTA JOSE ALBERTO', 0, 26, 'BSTR_259_2018-12-31', NULL, NULL, NULL, NULL, '2018-12-31', 0),
(260, 'RUVALCABA CINTRA ALEJANDRO', 0, 26, 'BSTR_260_2018-12-31', NULL, NULL, NULL, NULL, '2018-12-31', 0),
(261, 'SARAUZ TOSCA AIXA DANAE', 0, 26, 'BSTR_261_2018-12-31', NULL, NULL, NULL, NULL, '2018-12-31', 0),
(262, 'VEGA GORIS REGINA', 0, 26, 'BSTR_262_2018-12-31', NULL, NULL, NULL, NULL, '2018-12-31', 0),
(263, 'ALEMAN SILVA CARLOS MAURICIO', 0, 25, 'BSTR_263_2018-12-31', NULL, NULL, NULL, NULL, '2018-12-31', 0),
(264, 'ARELLANO IZQUIERDO JOSE MIGUEL', 0, 25, 'BSTR_264_2018-12-31', NULL, NULL, NULL, NULL, '2018-12-31', 0),
(265, 'CALDELAS CAMACHO ATHENEA', 0, 25, 'BSTR_265_2018-12-31', NULL, NULL, NULL, NULL, '2018-12-31', 0),
(266, 'CORTES ESPINOSA DE LOS MONTEROS EMILIANO', 0, 25, 'BSTR_266_2018-12-31', NULL, NULL, NULL, NULL, '2018-12-31', 0),
(267, 'GARCIA LOPEZ MARIA JOSE', 0, 25, 'BSTR_267_2018-12-31', NULL, NULL, NULL, NULL, '2018-12-31', 0),
(268, 'GONZALEZ SICILIA NIETO MACARENA', 0, 25, 'BSTR_268_2018-12-31', NULL, NULL, NULL, NULL, '2018-12-31', 0),
(269, 'HERNANDEZ FERRARI EDGAR RAMON', 0, 25, 'BSTR_269_2018-12-31', NULL, NULL, NULL, NULL, '2018-12-31', 0),
(270, 'HERNANDEZ SALMERON ANDREA CAROLINA', 0, 25, 'BSTR_270_2018-12-31', NULL, NULL, NULL, NULL, '2018-12-31', 0),
(271, 'LABOURDETTE GONZALEZ MARIA XIMENA', 0, 25, 'BSTR_271_2018-12-31', NULL, NULL, NULL, NULL, '2018-12-31', 0),
(272, 'MARASCHIN VALENZUELA MIQUELE', 0, 25, 'BSTR_272_2018-12-31', NULL, NULL, NULL, NULL, '2018-12-31', 0),
(273, 'MARTINEZ PARROQUIN SOFIA', 0, 25, 'BSTR_273_2018-12-31', NULL, NULL, NULL, NULL, '2018-12-31', 0),
(274, 'MORENO GESEN DIEGO', 0, 25, 'BSTR_274_2018-12-31', NULL, NULL, NULL, NULL, '2018-12-31', 0),
(275, 'MU?OZ MORALES KAMILA', 0, 25, 'BSTR_275_2018-12-31', NULL, NULL, NULL, NULL, '2018-12-31', 0),
(276, 'MURO CORS BERNAT', 0, 25, 'BSTR_276_2018-12-31', NULL, NULL, NULL, NULL, '2018-12-31', 0),
(277, 'PADILLA CISNEROS MAXIMO', 0, 25, 'BSTR_277_2018-12-31', NULL, NULL, NULL, NULL, '2018-12-31', 0),
(278, 'PERERA LOGOZZO INES', 0, 25, 'BSTR_278_2018-12-31', NULL, NULL, NULL, NULL, '2018-12-31', 0),
(279, 'PI?EIRO GUDI?O ROMINA', 0, 25, 'BSTR_279_2018-12-31', NULL, NULL, NULL, NULL, '2018-12-31', 0),
(280, 'TAGER FERNANDEZ ARANTXA', 0, 25, 'BSTR_280_2018-12-31', NULL, NULL, NULL, NULL, '2018-12-31', 0),
(281, 'VARGAS TUBILLA JULIETA', 0, 25, 'BSTR_281_2018-12-31', NULL, NULL, NULL, NULL, '2018-12-31', 0),
(282, 'BARRIOS GOMEZ PAULINA', 0, 24, 'BSTR_282_2018-12-31', NULL, NULL, NULL, NULL, '2018-12-31', 0),
(283, 'CARRILLO LUJAMBIO RAQUEL', 0, 24, 'BSTR_283_2018-12-31', NULL, NULL, NULL, NULL, '2018-12-31', 0),
(284, 'CONTRERAS GONZALEZ SOFIA', 0, 24, 'BSTR_284_2018-12-31', NULL, NULL, NULL, NULL, '2018-12-31', 0),
(285, 'DELGADO ISAZA LUIS ALEJANDRO', 0, 24, 'BSTR_285_2018-12-31', NULL, NULL, NULL, NULL, '2018-12-31', 0),
(286, 'DESGARENNES DORANTES LEILANI YELENA', 0, 24, 'BSTR_286_2018-12-31', NULL, NULL, NULL, NULL, '2018-12-31', 0),
(287, 'DIEZ DE UGARTE CHRISTIAN', 0, 24, 'BSTR_287_2018-12-31', NULL, NULL, NULL, NULL, '2018-12-31', 0),
(288, 'DOMINGUEZ CORRO LIZETTE FERNANDA', 0, 24, 'BSTR_288_2018-12-31', NULL, NULL, NULL, NULL, '2018-12-31', 0),
(289, 'JACOBSEN AMADO NORMAN', 0, 24, 'BSTR_289_2018-12-31', NULL, NULL, NULL, NULL, '2018-12-31', 0),
(290, 'MARCANO MATA VANESSA', 0, 24, 'BSTR_290_2018-12-31', NULL, NULL, NULL, NULL, '2018-12-31', 0),
(291, 'MARES DOMINGUEZ OSMAR', 0, 24, 'BSTR_291_2018-12-31', NULL, NULL, NULL, NULL, '2018-12-31', 0),
(292, 'MARTINEZ PARROQUIN EDUARDO', 0, 24, 'BSTR_292_2018-12-31', NULL, NULL, NULL, NULL, '2018-12-31', 0),
(293, 'MARTINEZ RAMIREZ ANA LUCIA', 0, 24, 'BSTR_293_2018-12-31', NULL, NULL, NULL, NULL, '2018-12-31', 0),
(294, 'MEDINA DELGADO CAMILA ALEJANDRA', 0, 24, 'BSTR_294_2018-12-31', NULL, NULL, NULL, NULL, '2018-12-31', 0),
(295, 'MENDEZ I?IGUEZ DANIEL', 0, 24, 'BSTR_295_2018-12-31', NULL, NULL, NULL, NULL, '2018-12-31', 0),
(296, 'PACHECO MARABOTO SANTIAGO', 0, 24, 'BSTR_296_2018-12-31', NULL, NULL, NULL, NULL, '2018-12-31', 0),
(297, 'ROLDAN OCHOA VIVIAN TERESA', 0, 24, 'BSTR_297_2018-12-31', NULL, NULL, NULL, NULL, '2018-12-31', 0),
(298, 'SANTAMARIA SOLANO ALEJANDRO', 0, 24, 'BSTR_298_2018-12-31', NULL, NULL, NULL, NULL, '2018-12-31', 0),
(299, 'VAZQUEZ CLARK RODOLFO', 0, 24, 'BSTR_299_2018-12-31', NULL, NULL, NULL, NULL, '2018-12-31', 0),
(300, 'DIEGO ALEGRE BRAVO', 0, 12, 'BSTR_300_2018-12-31', NULL, NULL, NULL, NULL, '2018-12-31', 0),
(301, 'JIMENA ??LVAREZ DE OCHOA', 0, 12, 'BSTR_301_2018-12-31', NULL, NULL, NULL, NULL, '2018-12-31', 0),
(302, 'MATTEO BENITEZ VILLANUEVA', 0, 12, 'BSTR_302_2018-12-31', NULL, NULL, NULL, NULL, '2018-12-31', 0),
(303, 'ISABELLA CAZAR?N HESLESS', 0, 12, 'BSTR_303_2018-12-31', NULL, NULL, NULL, NULL, '2018-12-31', 0),
(304, 'EMILIANO CHAVELA NU?O', 0, 12, 'BSTR_304_2018-12-31', NULL, NULL, NULL, NULL, '2018-12-31', 0),
(305, 'MAR?A FERNANDA CH??VEZ HERRERA', 0, 12, 'BSTR_305_2018-12-31', NULL, NULL, NULL, NULL, '2018-12-31', 0),
(306, 'ANDREA CORS PRECIADO', 0, 12, 'BSTR_306_2018-12-31', NULL, NULL, NULL, NULL, '2018-12-31', 0),
(307, 'IVANA GALLEGOS GUTI?RREZ', 0, 12, 'BSTR_307_2018-12-31', NULL, NULL, NULL, NULL, '2018-12-31', 0),
(308, 'F??TIMA GONZ??LEZ SICILIA NIETO', 0, 12, 'BSTR_308_2018-12-31', NULL, NULL, NULL, NULL, '2018-12-31', 0),
(309, 'MAR?A FERNANDA HERN??NDEZ ALVES', 0, 12, 'BSTR_309_2018-12-31', NULL, NULL, NULL, NULL, '2018-12-31', 0),
(310, 'VALENTINA HERNANDEZ CASTRO', 0, 12, 'BSTR_310_2018-12-31', NULL, NULL, NULL, NULL, '2018-12-31', 0),
(311, 'MAT?AS HERN??NDEZ CONTRERAS', 0, 12, 'BSTR_311_2018-12-31', NULL, NULL, NULL, NULL, '2018-12-31', 0),
(312, 'MARIA JULIA MART?NEZ HERN??NDEZ', 0, 12, 'BSTR_312_2018-12-31', NULL, NULL, NULL, NULL, '2018-12-31', 0),
(313, 'ANA PAULA MEDINA DELGADO', 0, 12, 'BSTR_313_2018-12-31', NULL, NULL, NULL, NULL, '2018-12-31', 0),
(314, 'ISABELLA PANGANIBA VELASCO DIAZ DE VIVAR', 0, 12, 'BSTR_314_2018-12-31', NULL, NULL, NULL, NULL, '2018-12-31', 0),
(315, 'LUANA PERERA LOGOZZO', 0, 12, 'BSTR_315_2018-12-31', NULL, NULL, NULL, NULL, '2018-12-31', 0),
(316, 'RODRIGO PEREZ ISAZA', 0, 12, 'BSTR_316_2018-12-31', NULL, NULL, NULL, NULL, '2018-12-31', 0),
(317, 'RENATA RODR?GUEZ HERN??NDEZ', 0, 12, 'BSTR_317_2018-12-31', NULL, NULL, NULL, NULL, '2018-12-31', 0),
(318, 'SEBASTIAN SALAZAR NAVAS', 0, 12, 'BSTR_318_2018-12-31', NULL, NULL, NULL, NULL, '2018-12-31', 0),
(319, 'MARIAM SALGADO ECHAZARRETA', 0, 12, 'BSTR_319_2018-12-31', NULL, NULL, NULL, NULL, '2018-12-31', 0),
(320, 'ROGELIO VALENCIA PABLOS', 0, 12, 'BSTR_320_2018-12-31', NULL, NULL, NULL, NULL, '2018-12-31', 0),
(321, 'PILAR AGUSTINA VELAZQUEZ', 0, 12, 'BSTR_321_2018-12-31', NULL, NULL, NULL, NULL, '2018-12-31', 0),
(322, 'FARID GERARDO ZSCHECHER CONTRERAS', 0, 12, 'BSTR_322_2018-12-31', NULL, NULL, NULL, NULL, '2018-12-31', 0),
(323, 'ANGEL JAVIER ALCEDA YORBA', 0, 13, 'BSTR_323_2018-12-31', NULL, NULL, NULL, NULL, '2018-12-31', 0),
(324, 'SOF?A ALVARADO MART?NEZ', 0, 13, 'BSTR_324_2018-12-31', NULL, NULL, NULL, NULL, '2018-12-31', 0),
(325, 'LARA ??LVAREZ GUTI?RREZ', 0, 13, 'BSTR_325_2018-12-31', NULL, NULL, NULL, NULL, '2018-12-31', 0),
(326, 'RENATA BARRIOS G?MEZ', 0, 13, 'BSTR_326_2018-12-31', NULL, NULL, NULL, NULL, '2018-12-31', 0),
(327, 'H?CTOR CORRALES BOLA?OS', 0, 13, 'BSTR_327_2018-12-31', NULL, NULL, NULL, NULL, '2018-12-31', 0),
(328, 'MIRANDA NOELANI DESGARENNES DORANTES', 0, 13, 'BSTR_328_2018-12-31', NULL, NULL, NULL, NULL, '2018-12-31', 0),
(329, 'SEBASTI??N D?AZ ACEVAL', 0, 13, 'BSTR_329_2018-12-31', NULL, NULL, NULL, NULL, '2018-12-31', 0),
(330, 'VALERIA ENR?QUEZ KRYLOVA', 0, 13, 'BSTR_330_2018-12-31', NULL, NULL, NULL, NULL, '2018-12-31', 0),
(331, 'BRUNO GROHMANN BARAJAS', 0, 13, 'BSTR_331_2018-12-31', NULL, NULL, NULL, NULL, '2018-12-31', 0),
(332, 'SAMANTHA DE GALIA GUZM??N FLORES', 0, 13, 'BSTR_332_2018-12-31', NULL, NULL, NULL, NULL, '2018-12-31', 0),
(333, 'ARTURO L?PEZ RODR?GUEZ', 0, 13, 'BSTR_333_2018-12-31', NULL, NULL, NULL, NULL, '2018-12-31', 0),
(334, 'SANTIAGO MONTEMURRO GARC?A DE LE?N', 0, 13, 'BSTR_334_2018-12-31', NULL, NULL, NULL, NULL, '2018-12-31', 0),
(335, 'AUREA MACARENA MORALES ROSAS', 0, 13, 'BSTR_335_2018-12-31', NULL, NULL, NULL, NULL, '2018-12-31', 0),
(336, 'SOF?A P?REZ VARGAS', 0, 13, 'BSTR_336_2018-12-31', NULL, NULL, NULL, NULL, '2018-12-31', 0),
(337, 'JULIETA P?REZ ZDRAWKOW', 0, 13, 'BSTR_337_2018-12-31', NULL, NULL, NULL, NULL, '2018-12-31', 0),
(338, 'DANIELA RODR?GUEZ P?REZ', 0, 13, 'BSTR_338_2018-12-31', NULL, NULL, NULL, NULL, '2018-12-31', 0),
(339, 'MAR?A JOS? SAPIEN HERRERO', 0, 13, 'BSTR_339_2018-12-31', NULL, NULL, NULL, NULL, '2018-12-31', 0),
(340, 'SOF?A ISABELLA VALENCIA D?AZ', 0, 13, 'BSTR_340_2018-12-31', NULL, NULL, NULL, NULL, '2018-12-31', 0),
(341, 'AITANA VILLAR S??NCHEZ', 0, 13, 'BSTR_341_2018-12-31', NULL, NULL, NULL, NULL, '2018-12-31', 0),
(342, 'ALLISON WILSON SALGADO', 0, 13, 'BSTR_342_2018-12-31', NULL, NULL, NULL, NULL, '2018-12-31', 0),
(343, 'XIMENA ZARRABAL AQUINO', 0, 13, 'BSTR_343_2018-12-31', NULL, NULL, NULL, NULL, '2018-12-31', 0),
(344, 'MARIA CELESTE AHUED ZANATTA', 0, 14, 'BSTR_344_2018-12-31', NULL, NULL, NULL, NULL, '2018-12-31', 0),
(345, 'ALEJANDRO BELTR??N S??NCHEZ', 0, 14, 'BSTR_345_2018-12-31', NULL, NULL, NULL, NULL, '2018-12-31', 0),
(346, 'FERNANDA CAGIGAS MART?NEZ', 0, 14, 'BSTR_346_2018-12-31', NULL, NULL, NULL, NULL, '2018-12-31', 0),
(347, 'FRANCO CASADO MORALES', 0, 14, 'BSTR_347_2018-12-31', NULL, NULL, NULL, NULL, '2018-12-31', 0),
(348, 'MAR?A JOS? CORS PRECIADO', 0, 14, 'BSTR_348_2018-12-31', NULL, NULL, NULL, NULL, '2018-12-31', 0),
(349, 'NATALIA COSSIO PEREIRA', 0, 14, 'BSTR_349_2018-12-31', NULL, NULL, NULL, NULL, '2018-12-31', 0),
(350, 'JOS? ANTONIO DUR??N REND?N', 0, 14, 'BSTR_350_2018-12-31', NULL, NULL, NULL, NULL, '2018-12-31', 0),
(351, 'JOS? EMILIANO ESTRADA CORT?S', 0, 14, 'BSTR_351_2018-12-31', NULL, NULL, NULL, NULL, '2018-12-31', 0),
(352, 'JOSE MAR?A GONZ??LEZ GARC?A', 0, 14, 'BSTR_352_2018-12-31', NULL, NULL, NULL, NULL, '2018-12-31', 0),
(353, 'VALERIA GUEVARA VARGAS', 0, 14, 'BSTR_353_2018-12-31', NULL, NULL, NULL, NULL, '2018-12-31', 0),
(354, 'IAN HERMIDA FREYRE', 0, 14, 'BSTR_354_2018-12-31', NULL, NULL, NULL, NULL, '2018-12-31', 0),
(355, 'GAEL HERN??NDEZ ALVES', 0, 14, 'BSTR_355_2018-12-31', NULL, NULL, NULL, NULL, '2018-12-31', 0),
(356, 'PAULINA JIMENEZ MOYA', 0, 14, 'BSTR_356_2018-12-31', NULL, NULL, NULL, NULL, '2018-12-31', 0),
(357, 'ROMINA M?NDEZ ALE', 0, 14, 'BSTR_357_2018-12-31', NULL, NULL, NULL, NULL, '2018-12-31', 0),
(358, 'ALEJANDRO MORENO CAMACHO', 0, 14, 'BSTR_358_2018-12-31', NULL, NULL, NULL, NULL, '2018-12-31', 0),
(359, 'PAULINA LIZETH P?REZ MOLINA', 0, 14, 'BSTR_359_2018-12-31', NULL, NULL, NULL, NULL, '2018-12-31', 0),
(360, 'ALONSO PI?EYRO CASTILLO', 0, 14, 'BSTR_360_2018-12-31', NULL, NULL, NULL, NULL, '2018-12-31', 0),
(361, 'IAN SAID QUINTANA MORALES', 0, 14, 'BSTR_361_2018-12-31', NULL, NULL, NULL, NULL, '2018-12-31', 0),
(362, 'ALEXA RODR?GUEZ MART?NEZ', 0, 14, 'BSTR_362_2018-12-31', NULL, NULL, NULL, NULL, '2018-12-31', 0),
(363, 'NATALIE SANTOS OLIVEIRA', 0, 14, 'BSTR_363_2018-12-31', NULL, NULL, NULL, NULL, '2018-12-31', 0),
(364, 'MAURICIO JES?S TAGER FERN??NDEZ', 0, 14, 'BSTR_364_2018-12-31', NULL, NULL, NULL, NULL, '2018-12-31', 0),
(365, 'ANDREA DE LOURDES URIBE VALDIVIA', 0, 14, 'BSTR_365_2018-12-31', NULL, NULL, NULL, NULL, '2018-12-31', 0),
(366, 'TIANA XIMENA VALDEZ VAZQUEZ', 0, 14, 'BSTR_366_2018-12-31', NULL, NULL, NULL, NULL, '2018-12-31', 0),
(367, 'CARLOS EMILIANO VAZQUEZ CERVANTES', 0, 14, 'BSTR_367_2018-12-31', NULL, NULL, NULL, NULL, '2018-12-31', 0),
(368, 'MARCELO VILLANUEVA LOZANO', 0, 14, 'BSTR_368_2018-12-31', NULL, NULL, NULL, NULL, '2018-12-31', 0),
(369, 'LUC?A VILLAR S??NCHEZ', 0, 14, 'BSTR_369_2018-12-31', NULL, NULL, NULL, NULL, '2018-12-31', 0),
(370, 'FERNANDA ALVAREZ HERNANDEZ', 0, 15, 'BSTR_370_2018-12-31', NULL, NULL, NULL, NULL, '2018-12-31', 0),
(371, 'SANTIAGO ARREDONDO VILLA', 0, 15, 'BSTR_371_2018-12-31', NULL, NULL, NULL, NULL, '2018-12-31', 0),
(372, 'RAFAEL AYESTAR??N BUSTOS', 0, 15, 'BSTR_372_2018-12-31', NULL, NULL, NULL, NULL, '2018-12-31', 0),
(373, 'ADRIANA CALZADA BORIA', 0, 15, 'BSTR_373_2018-12-31', NULL, NULL, NULL, NULL, '2018-12-31', 0),
(374, 'ANASTASIOS CHRYSIKOS VERA', 0, 15, 'BSTR_374_2018-12-31', NULL, NULL, NULL, NULL, '2018-12-31', 0),
(375, 'IVANNA CORRALES BOLA?OS', 0, 15, 'BSTR_375_2018-12-31', NULL, NULL, NULL, NULL, '2018-12-31', 0),
(376, 'VICTORIA DELGADO GONZ??LEZ', 0, 15, 'BSTR_376_2018-12-31', NULL, NULL, NULL, NULL, '2018-12-31', 0),
(377, 'MARIA PAULA FERNANDEZ SALAS', 0, 15, 'BSTR_377_2018-12-31', NULL, NULL, NULL, NULL, '2018-12-31', 0),
(378, 'ANA SOF?A GIL BERBECI', 0, 15, 'BSTR_378_2018-12-31', NULL, NULL, NULL, NULL, '2018-12-31', 0),
(379, 'ARTURO G?MEZ CASSANI', 0, 15, 'BSTR_379_2018-12-31', NULL, NULL, NULL, NULL, '2018-12-31', 0),
(380, 'FERNANDO HAZAS HAAZ', 0, 15, 'BSTR_380_2018-12-31', NULL, NULL, NULL, NULL, '2018-12-31', 0),
(381, 'JESUS ANTONIO HERN??NDEZ SOLIS', 0, 15, 'BSTR_381_2018-12-31', NULL, NULL, NULL, NULL, '2018-12-31', 0),
(382, 'MARIANA LINARES ZEMPOALTECA', 0, 15, 'BSTR_382_2018-12-31', NULL, NULL, NULL, NULL, '2018-12-31', 0),
(383, 'F??TIMA LI?ERO JAIME', 0, 15, 'BSTR_383_2018-12-31', NULL, NULL, NULL, NULL, '2018-12-31', 0),
(384, 'AM?RICA MALDONADO PALMEROS', 0, 15, 'BSTR_384_2018-12-31', NULL, NULL, NULL, NULL, '2018-12-31', 0),
(385, 'LUNA MARES DOMINGUEZ', 0, 15, 'BSTR_385_2018-12-31', NULL, NULL, NULL, NULL, '2018-12-31', 0),
(386, 'LUIS GUSTAVO MAT?AS GARC?A', 0, 15, 'BSTR_386_2018-12-31', NULL, NULL, NULL, NULL, '2018-12-31', 0),
(387, 'ELISA ANDREA MERINO S??NCHEZ', 0, 15, 'BSTR_387_2018-12-31', NULL, NULL, NULL, NULL, '2018-12-31', 0),
(388, 'JOS? RAFAEL MIRAFUENTES ACOSTA', 0, 15, 'BSTR_388_2018-12-31', NULL, NULL, NULL, NULL, '2018-12-31', 0),
(389, 'MELISSA MONTERRUBIO TAGLE', 0, 15, 'BSTR_389_2018-12-31', NULL, NULL, NULL, NULL, '2018-12-31', 0),
(390, 'IAN GABRIEL ORT?Z ??LVAREZ', 0, 15, 'BSTR_390_2018-12-31', NULL, NULL, NULL, NULL, '2018-12-31', 0),
(391, 'LUC?A P?REZ SANDOVAL', 0, 15, 'BSTR_391_2018-12-31', NULL, NULL, NULL, NULL, '2018-12-31', 0),
(392, 'ANDR?S PI?EYRO CASTILLO', 0, 15, 'BSTR_392_2018-12-31', NULL, NULL, NULL, NULL, '2018-12-31', 0),
(393, 'MANUEL RAMOS M??RQUEZ', 0, 15, 'BSTR_393_2018-12-31', NULL, NULL, NULL, NULL, '2018-12-31', 0),
(394, 'ANA PAOLA RIVERA CARRILLO', 0, 15, 'BSTR_394_2018-12-31', NULL, NULL, NULL, NULL, '2018-12-31', 0),
(395, 'ISAIAS S??NCHEZ GONZ??LEZ', 0, 15, 'BSTR_395_2018-12-31', NULL, NULL, NULL, NULL, '2018-12-31', 0),
(396, 'LENIN ULISES AGUILAR DEL ANGEL', 0, 16, 'BSTR_396_2018-12-31', NULL, NULL, NULL, NULL, '2018-12-31', 0),
(397, 'JOSE RAYMUNDO ALMAZAN SALAZAR', 0, 16, 'BSTR_397_2018-12-31', NULL, NULL, NULL, NULL, '2018-12-31', 0),
(398, 'LUIS ??LVAREZ DE OCHOA', 0, 16, 'BSTR_398_2018-12-31', NULL, NULL, NULL, NULL, '2018-12-31', 0),
(399, 'JOSE LUIS ??LVAREZ HERN??NDEZ', 0, 16, 'BSTR_399_2018-12-31', NULL, NULL, NULL, NULL, '2018-12-31', 0),
(400, 'MARTIN IVAN BRAVO', 0, 16, 'BSTR_400_2018-12-31', NULL, NULL, NULL, NULL, '2018-12-31', 0),
(401, 'HANNAH ZADIE CANO ROBLES', 0, 16, 'BSTR_401_2018-12-31', NULL, NULL, NULL, NULL, '2018-12-31', 0),
(402, 'JOSE LUIS CAZAR?N HESLESS', 0, 16, 'BSTR_402_2018-12-31', NULL, NULL, NULL, NULL, '2018-12-31', 0),
(403, 'CONSTANZA DIEZ DE UGARTE', 0, 16, 'BSTR_403_2018-12-31', NULL, NULL, NULL, NULL, '2018-12-31', 0),
(404, 'ANGEL GAEL DOMINGUEZ POXTAN', 0, 16, 'BSTR_404_2018-12-31', NULL, NULL, NULL, NULL, '2018-12-31', 0),
(405, 'REGINA ESCAMILLA AGUILERA', 0, 16, 'BSTR_405_2018-12-31', NULL, NULL, NULL, NULL, '2018-12-31', 0),
(406, 'MARIA DANIELA FLORES LUJAMBIO', 0, 16, 'BSTR_406_2018-12-31', NULL, NULL, NULL, NULL, '2018-12-31', 0),
(407, 'VANESSA GARC?A DOZAL', 0, 16, 'BSTR_407_2018-12-31', NULL, NULL, NULL, NULL, '2018-12-31', 0),
(408, 'FELIPE GUERRERO MART?NEZ', 0, 16, 'BSTR_408_2018-12-31', NULL, NULL, NULL, NULL, '2018-12-31', 0),
(409, 'ERICK SANTIAGO GUEVARA VARGAS', 0, 16, 'BSTR_409_2018-12-31', NULL, NULL, NULL, NULL, '2018-12-31', 0),
(410, 'JOSE DE JES?S HERN??NDEZ FERRARI', 0, 16, 'BSTR_410_2018-12-31', NULL, NULL, NULL, NULL, '2018-12-31', 0),
(411, 'OCTAVIO MORENO CAMACHO', 0, 16, 'BSTR_411_2018-12-31', NULL, NULL, NULL, NULL, '2018-12-31', 0),
(412, 'DIEGO MUJICA FLORES', 0, 16, 'BSTR_412_2018-12-31', NULL, NULL, NULL, NULL, '2018-12-31', 0),
(413, 'TRIANA PADILLA BALLESTER', 0, 16, 'BSTR_413_2018-12-31', NULL, NULL, NULL, NULL, '2018-12-31', 0),
(414, 'ERNESTINA ELENA PELLERANO', 0, 16, 'BSTR_414_2018-12-31', NULL, NULL, NULL, NULL, '2018-12-31', 0),
(415, 'ADALBERTO TEJEDA SZENTE', 0, 16, 'BSTR_415_2018-12-31', NULL, NULL, NULL, NULL, '2018-12-31', 0),
(416, 'ARANTXA VILLAVERDE BULNES', 0, 16, 'BSTR_416_2018-12-31', NULL, NULL, NULL, NULL, '2018-12-31', 0),
(417, 'MARIOLA Z??IGA MORANDO', 0, 16, 'BSTR_417_2018-12-31', NULL, NULL, NULL, NULL, '2018-12-31', 0),
(418, 'HUGO ALEGRE BRAVO', 0, 17, 'BSTR_418_2018-12-31', NULL, NULL, NULL, NULL, '2018-12-31', 0),
(419, 'MAR?A IN?S BRET?N GUTI?RREZ', 0, 17, 'BSTR_419_2018-12-31', NULL, NULL, NULL, NULL, '2018-12-31', 0),
(420, 'SOPHIA CAPETILLO MEDEL', 0, 17, 'BSTR_420_2018-12-31', NULL, NULL, NULL, NULL, '2018-12-31', 0),
(421, 'REGINA ENR?QUEZ Z??RATE', 0, 17, 'BSTR_421_2018-12-31', NULL, NULL, NULL, NULL, '2018-12-31', 0),
(422, 'RODRIGO ESCAMILLA NU?EZ', 0, 17, 'BSTR_422_2018-12-31', NULL, NULL, NULL, NULL, '2018-12-31', 0),
(423, 'MAURO FRANCO BARRAG??N', 0, 17, 'BSTR_423_2018-12-31', NULL, NULL, NULL, NULL, '2018-12-31', 0),
(424, 'EMILIANO GARC?A ORNELAS', 0, 17, 'BSTR_424_2018-12-31', NULL, NULL, NULL, NULL, '2018-12-31', 0),
(425, 'SANTIAGO GUZM??N FERN??NDEZ', 0, 17, 'BSTR_425_2018-12-31', NULL, NULL, NULL, NULL, '2018-12-31', 0),
(426, 'MAR?A JOS? HAZAS HAAZ', 0, 17, 'BSTR_426_2018-12-31', NULL, NULL, NULL, NULL, '2018-12-31', 0),
(427, 'DIEGO KENNEDY MART?NEZ', 0, 17, 'BSTR_427_2018-12-31', NULL, NULL, NULL, NULL, '2018-12-31', 0),
(428, 'PAOLA MORA YNSENSE', 0, 17, 'BSTR_428_2018-12-31', NULL, NULL, NULL, NULL, '2018-12-31', 0),
(429, 'PAULINA MUJICA FLORES', 0, 17, 'BSTR_429_2018-12-31', NULL, NULL, NULL, NULL, '2018-12-31', 0),
(430, 'MAURICIO NARVAEZ PERERA', 0, 17, 'BSTR_430_2018-12-31', NULL, NULL, NULL, NULL, '2018-12-31', 0),
(431, 'CONSTANZA OLEA ALONSO', 0, 17, 'BSTR_431_2018-12-31', NULL, NULL, NULL, NULL, '2018-12-31', 0),
(432, 'DIEGO ORTIZ GUTI?RREZ', 0, 17, 'BSTR_432_2018-12-31', NULL, NULL, NULL, NULL, '2018-12-31', 0),
(433, 'MIRANDA RABASA ANAYA', 0, 17, 'BSTR_433_2018-12-31', NULL, NULL, NULL, NULL, '2018-12-31', 0),
(434, 'OMAR ALEJANDRO REYES RIVERA', 0, 17, 'BSTR_434_2018-12-31', NULL, NULL, NULL, NULL, '2018-12-31', 0),
(435, 'JUAN FELIPE RU?Z MOR??N', 0, 17, 'BSTR_435_2018-12-31', NULL, NULL, NULL, NULL, '2018-12-31', 0),
(436, 'MILKA FERNANDA TOLEDO VIDAL', 0, 17, 'BSTR_436_2018-12-31', NULL, NULL, NULL, NULL, '2018-12-31', 0),
(437, 'VALERIA ZARRABAL AQUINO', 0, 17, 'BSTR_437_2018-12-31', NULL, NULL, NULL, NULL, '2018-12-31', 0),
(438, 'GIOVANNA Z??IGA MORANDO', 0, 17, 'BSTR_438_2018-12-31', NULL, NULL, NULL, NULL, '2018-12-31', 0),
(439, 'GIONA BATELLI', 0, 18, 'BSTR_439_2018-12-31', NULL, NULL, NULL, NULL, '2018-12-31', 0),
(440, 'GIANCARLO CALDER?N PARDI?O', 0, 18, 'BSTR_440_2018-12-31', NULL, NULL, NULL, NULL, '2018-12-31', 0),
(441, 'VANESSA GONZ??LEZ ELIZUNDIA', 0, 18, 'BSTR_441_2018-12-31', NULL, NULL, NULL, NULL, '2018-12-31', 0),
(442, 'MAR?A FERNANDA GONZ??LEZ V??ZQUEZ', 0, 18, 'BSTR_442_2018-12-31', NULL, NULL, NULL, NULL, '2018-12-31', 0),
(443, 'RODRIGO HERN??NDEZ M??RQUEZ', 0, 18, 'BSTR_443_2018-12-31', NULL, NULL, NULL, NULL, '2018-12-31', 0),
(444, 'GUSTAVO HERN??NDEZ MORA', 0, 18, 'BSTR_444_2018-12-31', NULL, NULL, NULL, NULL, '2018-12-31', 0),
(445, 'SANTIAGO ALEJANDRO LIRA CUEVAS', 0, 18, 'BSTR_445_2018-12-31', NULL, NULL, NULL, NULL, '2018-12-31', 0),
(446, 'I?AKI L?PEZ G?MEZ', 0, 18, 'BSTR_446_2018-12-31', NULL, NULL, NULL, NULL, '2018-12-31', 0),
(447, 'EMILIO MART?NEZ HORTA', 0, 18, 'BSTR_447_2018-12-31', NULL, NULL, NULL, NULL, '2018-12-31', 0),
(448, 'TOMAS MILAN', 0, 18, 'BSTR_448_2018-12-31', NULL, NULL, NULL, NULL, '2018-12-31', 0),
(449, 'ANA PAULA MORALES RODR?GUEZ', 0, 18, 'BSTR_449_2018-12-31', NULL, NULL, NULL, NULL, '2018-12-31', 0),
(450, 'MATEO MORENO DE LA LLAVE', 0, 18, 'BSTR_450_2018-12-31', NULL, NULL, NULL, NULL, '2018-12-31', 0),
(451, 'IN?S MELISSA MU?OZ S??NCHEZ', 0, 18, 'BSTR_451_2018-12-31', NULL, NULL, NULL, NULL, '2018-12-31', 0),
(452, 'NICOL??S NI?O OSORIO', 0, 18, 'BSTR_452_2018-12-31', NULL, NULL, NULL, NULL, '2018-12-31', 0),
(453, 'MAR?A JOS? PACHECO MARABOTTO', 0, 18, 'BSTR_453_2018-12-31', NULL, NULL, NULL, NULL, '2018-12-31', 0),
(454, 'SILVANA PAREDES GUITAR', 0, 18, 'BSTR_454_2018-12-31', NULL, NULL, NULL, NULL, '2018-12-31', 0),
(455, 'RAMIRO PERERA LOGOZZO', 0, 18, 'BSTR_455_2018-12-31', NULL, NULL, NULL, NULL, '2018-12-31', 0),
(456, 'ARMANDO PI?EYRO CASTILLO', 0, 18, 'BSTR_456_2018-12-31', NULL, NULL, NULL, NULL, '2018-12-31', 0),
(457, 'CARLOS AGUST?N REYES ROJAS', 0, 18, 'BSTR_457_2018-12-31', NULL, NULL, NULL, NULL, '2018-12-31', 0),
(458, 'SOF?A RODR?GUEZ HERN??NDEZ', 0, 18, 'BSTR_458_2018-12-31', NULL, NULL, NULL, NULL, '2018-12-31', 0),
(459, 'MATTEO SANTOS DE OLIVEIRA', 0, 18, 'BSTR_459_2018-12-31', NULL, NULL, NULL, NULL, '2018-12-31', 0),
(460, 'BETZABE VARELA BELLOT', 0, 18, 'BSTR_460_2018-12-31', NULL, NULL, NULL, NULL, '2018-12-31', 0),
(461, 'ISABELLE VIERIA', 0, 18, 'BSTR_461_2018-12-31', NULL, NULL, NULL, NULL, '2018-12-31', 0),
(462, 'ANA SOFIA VIRGEN TAPIA', 0, 18, 'BSTR_462_2018-12-31', NULL, NULL, NULL, NULL, '2018-12-31', 0),
(463, 'PEDRO BORBON AVILES', 0, 19, 'BSTR_463_2018-12-31', NULL, NULL, NULL, NULL, '2018-12-31', 0),
(464, 'REGINA CORS PRECIADO', 0, 19, 'BSTR_464_2018-12-31', NULL, NULL, NULL, NULL, '2018-12-31', 0),
(465, 'BEMYARMIN ALEXANDRO DUARTE ??LVAREZ', 0, 19, 'BSTR_465_2018-12-31', NULL, NULL, NULL, NULL, '2018-12-31', 0),
(466, 'JULI??N EDUARDO ESTRADA TAPIA', 0, 19, 'BSTR_466_2018-12-31', NULL, NULL, NULL, NULL, '2018-12-31', 0),
(467, 'MARCELO GALLEGOS GUTI?RREZ', 0, 19, 'BSTR_467_2018-12-31', NULL, NULL, NULL, NULL, '2018-12-31', 0),
(468, 'V?CTOR GARC?A DOZAL', 0, 19, 'BSTR_468_2018-12-31', NULL, NULL, NULL, NULL, '2018-12-31', 0),
(469, 'ALBERTO G?MEZ CASSANI', 0, 19, 'BSTR_469_2018-12-31', NULL, NULL, NULL, NULL, '2018-12-31', 0),
(470, 'ENEAS GONZ??LEZ HERRERA', 0, 19, 'BSTR_470_2018-12-31', NULL, NULL, NULL, NULL, '2018-12-31', 0),
(471, 'LUIS RODRIGO HERN??NDEZ FERRARI', 0, 19, 'BSTR_471_2018-12-31', NULL, NULL, NULL, NULL, '2018-12-31', 0),
(472, 'DIEGO L?PEZ PARDO', 0, 19, 'BSTR_472_2018-12-31', NULL, NULL, NULL, NULL, '2018-12-31', 0),
(473, 'DIEGO MARTINEZ HERNANDEZ', 0, 19, 'BSTR_473_2018-12-31', NULL, NULL, NULL, NULL, '2018-12-31', 0),
(474, 'MAYELA MART?NEZ ORTEGA', 0, 19, 'BSTR_474_2018-12-31', NULL, NULL, NULL, NULL, '2018-12-31', 0),
(475, 'KARIME MART?NEZ RIPOLL', 0, 19, 'BSTR_475_2018-12-31', NULL, NULL, NULL, NULL, '2018-12-31', 0),
(476, 'NATALIA NARVAEZ PERERA', 0, 19, 'BSTR_476_2018-12-31', NULL, NULL, NULL, NULL, '2018-12-31', 0),
(477, 'REGINA PALOMARES REYNERO', 0, 19, 'BSTR_477_2018-12-31', NULL, NULL, NULL, NULL, '2018-12-31', 0),
(478, 'PABLO PE?A ULLOA', 0, 19, 'BSTR_478_2018-12-31', NULL, NULL, NULL, NULL, '2018-12-31', 0),
(479, 'SOF?A RODRIGUEZ GARCIA', 0, 19, 'BSTR_479_2018-12-31', NULL, NULL, NULL, NULL, '2018-12-31', 0),
(480, 'VELEZ SALAS ALEJANDRA', 0, 19, 'BSTR_480_2018-12-31', NULL, NULL, NULL, NULL, '2018-12-31', 0),
(481, 'LEONARDO SANTIAGO MORANDO', 0, 19, 'BSTR_481_2018-12-31', NULL, NULL, NULL, NULL, '2018-12-31', 0),
(482, 'HANNA REGINA VALD?Z VAZQUEZ', 0, 19, 'BSTR_482_2018-12-31', NULL, NULL, NULL, NULL, '2018-12-31', 0),
(483, 'ANA PAULA VALENCIA PABLOS', 0, 19, 'BSTR_483_2018-12-31', NULL, NULL, NULL, NULL, '2018-12-31', 0);
INSERT INTO `cliente` (`idCliente`, `nombre`, `saldo`, `Grupo_idGrupo`, `qr`, `foto`, `tutor`, `telefono`, `correo`, `vigencia`, `limite`) VALUES
(484, 'VALENTINA SOF?A V??ZQUEZ CLARK', 0, 19, 'BSTR_484_2018-12-31', NULL, NULL, NULL, NULL, '2018-12-31', 0),
(485, 'KAROL MAR?A AGUILAR CARVAJAL', 0, 20, 'BSTR_485_2018-12-31', NULL, NULL, NULL, NULL, '2018-12-31', 0),
(486, 'GIBR??N AGUILAR RAM?REZ', 0, 20, 'BSTR_486_2018-12-31', NULL, NULL, NULL, NULL, '2018-12-31', 0),
(487, 'VANYA IXCHEL CANO ROBLES', 0, 20, 'BSTR_487_2018-12-31', NULL, NULL, NULL, NULL, '2018-12-31', 0),
(488, 'JOSE ANTONIO CAZAR?N HESLESS', 0, 20, 'BSTR_488_2018-12-31', NULL, NULL, NULL, NULL, '2018-12-31', 0),
(489, 'SANTIAGO GALLAND AUBRY', 0, 20, 'BSTR_489_2018-12-31', NULL, NULL, NULL, NULL, '2018-12-31', 0),
(490, 'FRIDA VALERIA GARC?A D??VILA', 0, 20, 'BSTR_490_2018-12-31', NULL, NULL, NULL, NULL, '2018-12-31', 0),
(491, 'MIREN GONZALEZ FRANCO', 0, 20, 'BSTR_491_2018-12-31', NULL, NULL, NULL, NULL, '2018-12-31', 0),
(492, 'ARANTZA LARA SALAS', 0, 20, 'BSTR_492_2018-12-31', NULL, NULL, NULL, NULL, '2018-12-31', 0),
(493, 'ALEXA LAVALLE PINEDA', 0, 20, 'BSTR_493_2018-12-31', NULL, NULL, NULL, NULL, '2018-12-31', 0),
(494, 'REBECA L?PEZ PERROT', 0, 20, 'BSTR_494_2018-12-31', NULL, NULL, NULL, NULL, '2018-12-31', 0),
(495, 'ARIADNA MORA YNSENSE', 0, 20, 'BSTR_495_2018-12-31', NULL, NULL, NULL, NULL, '2018-12-31', 0),
(496, 'ALEJANDRO NAYIB MORENO D?AZ', 0, 20, 'BSTR_496_2018-12-31', NULL, NULL, NULL, NULL, '2018-12-31', 0),
(497, 'REGINA MUGICA LIM?N', 0, 20, 'BSTR_497_2018-12-31', NULL, NULL, NULL, NULL, '2018-12-31', 0),
(498, 'M?NICA MURILLO LEZA', 0, 20, 'BSTR_498_2018-12-31', NULL, NULL, NULL, NULL, '2018-12-31', 0),
(499, 'IKER OROZCO MEMBRE?O', 0, 20, 'BSTR_499_2018-12-31', NULL, NULL, NULL, NULL, '2018-12-31', 0),
(500, 'AMANDA PADILLA BALLESTER', 0, 20, 'BSTR_500_2018-12-31', NULL, NULL, NULL, NULL, '2018-12-31', 0),
(501, 'JUAN PABLO QUIROZ NOYOLA', 0, 20, 'BSTR_501_2018-12-31', NULL, NULL, NULL, NULL, '2018-12-31', 0),
(502, 'ISABELLA QUIROZ PUIG', 0, 20, 'BSTR_502_2018-12-31', NULL, NULL, NULL, NULL, '2018-12-31', 0),
(503, 'IVANNA RODR?GUEZ MART?NEZ', 0, 20, 'BSTR_503_2018-12-31', NULL, NULL, NULL, NULL, '2018-12-31', 0),
(504, 'MARIANA SOTO CASTRO', 0, 20, 'BSTR_504_2018-12-31', NULL, NULL, NULL, NULL, '2018-12-31', 0),
(505, 'OSCAR ANTONIO TORRES GUILLEN', 0, 20, 'BSTR_505_2018-12-31', NULL, NULL, NULL, NULL, '2018-12-31', 0),
(506, 'GERARDO VELASCO OCHOA', 0, 20, 'BSTR_506_2018-12-31', NULL, NULL, NULL, NULL, '2018-12-31', 0),
(507, 'LESLIE WAZEN QUEZADA', 0, 20, 'BSTR_507_2018-12-31', NULL, NULL, NULL, NULL, '2018-12-31', 0),
(508, 'SANTIAGO Z??IGA MORANDO', 0, 20, 'BSTR_508_2018-12-31', NULL, NULL, NULL, NULL, '2018-12-31', 0),
(509, 'DEO ??LVAREZ GUTI?RREZ', 0, 21, 'BSTR_509_2018-12-31', NULL, NULL, NULL, NULL, '2018-12-31', 0),
(510, 'CAMILA ARAIZ ORTEGA', 0, 21, 'BSTR_510_2018-12-31', NULL, NULL, NULL, NULL, '2018-12-31', 0),
(511, 'PAULINA ARRAMBIDE RUELAS', 0, 21, 'BSTR_511_2018-12-31', NULL, NULL, NULL, NULL, '2018-12-31', 0),
(512, 'ARMANDO ALEJANDRO C??RDENAS RIFKA', 0, 21, 'BSTR_512_2018-12-31', NULL, NULL, NULL, NULL, '2018-12-31', 0),
(513, 'DARIEN CARMONA BEAUREGARD', 0, 21, 'BSTR_513_2018-12-31', NULL, NULL, NULL, NULL, '2018-12-31', 0),
(514, 'ANA CAROLINA CASADO MORALES', 0, 21, 'BSTR_514_2018-12-31', NULL, NULL, NULL, NULL, '2018-12-31', 0),
(515, 'MIGUEL ??NGEL CH??VEZ HERRERA', 0, 21, 'BSTR_515_2018-12-31', NULL, NULL, NULL, NULL, '2018-12-31', 0),
(516, 'JENNIFER VALERIA CRUZ ROCHA', 0, 21, 'BSTR_516_2018-12-31', NULL, NULL, NULL, NULL, '2018-12-31', 0),
(517, 'JAVIER FRANCO BARRAG??N', 0, 21, 'BSTR_517_2018-12-31', NULL, NULL, NULL, NULL, '2018-12-31', 0),
(518, 'RODRIGO GALLAND AUBRY', 0, 21, 'BSTR_518_2018-12-31', NULL, NULL, NULL, NULL, '2018-12-31', 0),
(519, 'ANTONIO GARC?A L?PEZ', 0, 21, 'BSTR_519_2018-12-31', NULL, NULL, NULL, NULL, '2018-12-31', 0),
(520, 'ANDREA ALEJANDRA GUERRERO MART?NEZ', 0, 21, 'BSTR_520_2018-12-31', NULL, NULL, NULL, NULL, '2018-12-31', 0),
(521, 'CHANTAL LUVANA GUZM??N FLORES', 0, 21, 'BSTR_521_2018-12-31', NULL, NULL, NULL, NULL, '2018-12-31', 0),
(522, 'MIRANDA LARA SALAS', 0, 21, 'BSTR_522_2018-12-31', NULL, NULL, NULL, NULL, '2018-12-31', 0),
(523, 'DAVID LOPEZ SALVADOR', 0, 21, 'BSTR_523_2018-12-31', NULL, NULL, NULL, NULL, '2018-12-31', 0),
(524, 'VALENTINA MARES DOMINGUEZ', 0, 21, 'BSTR_524_2018-12-31', NULL, NULL, NULL, NULL, '2018-12-31', 0),
(525, 'SANTIAGO PLA MOLINA', 0, 21, 'BSTR_525_2018-12-31', NULL, NULL, NULL, NULL, '2018-12-31', 0),
(526, 'MANUEL PINEDA ARROYO', 0, 21, 'BSTR_526_2018-12-31', NULL, NULL, NULL, NULL, '2018-12-31', 0),
(527, 'ILEAN DENISSE QUINTANA MORALES', 0, 21, 'BSTR_527_2018-12-31', NULL, NULL, NULL, NULL, '2018-12-31', 0),
(528, 'RUT STEFANIA ROLD??N OCHOA', 0, 21, 'BSTR_528_2018-12-31', NULL, NULL, NULL, NULL, '2018-12-31', 0),
(529, 'REGINA ROMERO L?PEZ', 0, 21, 'BSTR_529_2018-12-31', NULL, NULL, NULL, NULL, '2018-12-31', 0),
(530, 'MAR?A RU?Z MOR??N', 0, 21, 'BSTR_530_2018-12-31', NULL, NULL, NULL, NULL, '2018-12-31', 0),
(531, 'EMILIO S??NCHEZ V??ZQUEZ', 0, 21, 'BSTR_531_2018-12-31', NULL, NULL, NULL, NULL, '2018-12-31', 0),
(532, 'ELIAS WAZEN QUEZADA', 0, 21, 'BSTR_532_2018-12-31', NULL, NULL, NULL, NULL, '2018-12-31', 0),
(533, 'MANU ??LVAREZ GUTI?RREZ', 0, 22, 'BSTR_533_2018-12-31', NULL, NULL, NULL, NULL, '2018-12-31', 0),
(534, 'ELIA BATELLI', 0, 22, 'BSTR_534_2018-12-31', NULL, NULL, NULL, NULL, '2018-12-31', 0),
(535, 'DEREK CANNON CENA', 0, 22, 'BSTR_535_2018-12-31', NULL, NULL, NULL, NULL, '2018-12-31', 0),
(536, 'XIMENA ENRIQUEZ P?REZ', 0, 22, 'BSTR_536_2018-12-31', NULL, NULL, NULL, NULL, '2018-12-31', 0),
(537, 'PATRICIO GALLEGOS GUTI?RREZ', 0, 22, 'BSTR_537_2018-12-31', NULL, NULL, NULL, NULL, '2018-12-31', 0),
(538, 'HANNAH G?MEZ MENDOZA', 0, 22, 'BSTR_538_2018-12-31', NULL, NULL, NULL, NULL, '2018-12-31', 0),
(539, 'XIMENA GONZ??LEZ LAMADRID', 0, 22, 'BSTR_539_2018-12-31', NULL, NULL, NULL, NULL, '2018-12-31', 0),
(540, 'MAR?A HERN??NDEZ MORA', 0, 22, 'BSTR_540_2018-12-31', NULL, NULL, NULL, NULL, '2018-12-31', 0),
(541, 'SANTIAGO JIM?NEZ INDO', 0, 22, 'BSTR_541_2018-12-31', NULL, NULL, NULL, NULL, '2018-12-31', 0),
(542, 'ALEJANDRA MALPICA LUJAMBIO', 0, 22, 'BSTR_542_2018-12-31', NULL, NULL, NULL, NULL, '2018-12-31', 0),
(543, 'ANA PAOLA MAT?AS GARC?A', 0, 22, 'BSTR_543_2018-12-31', NULL, NULL, NULL, NULL, '2018-12-31', 0),
(544, 'VALERIA MONTERRUBIO TAGLE', 0, 22, 'BSTR_544_2018-12-31', NULL, NULL, NULL, NULL, '2018-12-31', 0),
(545, 'DIEGO MORALES CH??VEZ', 0, 22, 'BSTR_545_2018-12-31', NULL, NULL, NULL, NULL, '2018-12-31', 0),
(546, 'CARLOS MORENO CAMACHO', 0, 22, 'BSTR_546_2018-12-31', NULL, NULL, NULL, NULL, '2018-12-31', 0),
(547, 'ENRIQUE OROZCO AUBRY', 0, 22, 'BSTR_547_2018-12-31', NULL, NULL, NULL, NULL, '2018-12-31', 0),
(548, 'SUA DENZEL ORTLIEB HERN??NDEZ', 0, 22, 'BSTR_548_2018-12-31', NULL, NULL, NULL, NULL, '2018-12-31', 0),
(549, 'SOF?A PALOMARES REYNERO', 0, 22, 'BSTR_549_2018-12-31', NULL, NULL, NULL, NULL, '2018-12-31', 0),
(550, 'FERNANDA PE?A ULLOA', 0, 22, 'BSTR_550_2018-12-31', NULL, NULL, NULL, NULL, '2018-12-31', 0),
(551, 'RODRIGO QUIROZ NOYOLA', 0, 22, 'BSTR_551_2018-12-31', NULL, NULL, NULL, NULL, '2018-12-31', 0),
(552, 'HANNA SALGADO ECHAZARRETA', 0, 22, 'BSTR_552_2018-12-31', NULL, NULL, NULL, NULL, '2018-12-31', 0),
(553, 'DANIELA SONI CORT?S', 0, 22, 'BSTR_553_2018-12-31', NULL, NULL, NULL, NULL, '2018-12-31', 0),
(554, 'MARLENE SUJOL LLINAS', 0, 22, 'BSTR_554_2018-12-31', NULL, NULL, NULL, NULL, '2018-12-31', 0),
(555, 'EMILIANO ZENDEJAS MAC?AS', 0, 22, 'BSTR_555_2018-12-31', NULL, NULL, NULL, NULL, '2018-12-31', 0),
(556, 'XIMENA AGUILAR SCHIFFER', 0, 23, 'BSTR_556_2018-12-31', NULL, NULL, NULL, NULL, '2018-12-31', 0),
(557, 'IN?S CAROLINA ALMAZ??N SALAZAR', 0, 23, 'BSTR_557_2018-12-31', NULL, NULL, NULL, NULL, '2018-12-31', 0),
(558, 'ALINE ARNAU AUDIRAC', 0, 23, 'BSTR_558_2018-12-31', NULL, NULL, NULL, NULL, '2018-12-31', 0),
(559, 'ANDREA AYESTAR??N BUSTOS', 0, 23, 'BSTR_559_2018-12-31', NULL, NULL, NULL, NULL, '2018-12-31', 0),
(560, 'SANTIAGO BELTR??N S??NCHEZ', 0, 23, 'BSTR_560_2018-12-31', NULL, NULL, NULL, NULL, '2018-12-31', 0),
(561, 'PABLO CARRERA DOLLERO', 0, 23, 'BSTR_561_2018-12-31', NULL, NULL, NULL, NULL, '2018-12-31', 0),
(562, 'MAURICIO EMMANUEL CASTRO COBOS', 0, 23, 'BSTR_562_2018-12-31', NULL, NULL, NULL, NULL, '2018-12-31', 0),
(563, 'RODRIGO ENR?QUEZ Z??RATE', 0, 23, 'BSTR_563_2018-12-31', NULL, NULL, NULL, NULL, '2018-12-31', 0),
(564, 'ROBERTO ESCAMILLA NU?EZ', 0, 23, 'BSTR_564_2018-12-31', NULL, NULL, NULL, NULL, '2018-12-31', 0),
(565, 'IA ALESSANDRA GARC?A DELGADILLO', 0, 23, 'BSTR_565_2018-12-31', NULL, NULL, NULL, NULL, '2018-12-31', 0),
(566, 'MONTSERRAT GARC?A VILLELA', 0, 23, 'BSTR_566_2018-12-31', NULL, NULL, NULL, NULL, '2018-12-31', 0),
(567, 'VALERIA GONZ??LEZ V??ZQUEZ', 0, 23, 'BSTR_567_2018-12-31', NULL, NULL, NULL, NULL, '2018-12-31', 0),
(568, 'FABIANA GUZM??N FERN??NDEZ', 0, 23, 'BSTR_568_2018-12-31', NULL, NULL, NULL, NULL, '2018-12-31', 0),
(569, 'DIEGO HERN??NDEZ GUITAR', 0, 23, 'BSTR_569_2018-12-31', NULL, NULL, NULL, NULL, '2018-12-31', 0),
(570, 'SAMUEL HERN??NDEZ S??NCHEZ', 0, 23, 'BSTR_570_2018-12-31', NULL, NULL, NULL, NULL, '2018-12-31', 0),
(571, 'ARANTXA L?PEZ G?MEZ', 0, 23, 'BSTR_571_2018-12-31', NULL, NULL, NULL, NULL, '2018-12-31', 0),
(572, 'ANGEL ROBERTO L?PEZ TREJO', 0, 23, 'BSTR_572_2018-12-31', NULL, NULL, NULL, NULL, '2018-12-31', 0),
(573, 'PAHOLETH MALDONADO PALMEROS', 0, 23, 'BSTR_573_2018-12-31', NULL, NULL, NULL, NULL, '2018-12-31', 0),
(574, 'ZAHIRA MART?NEZ ORTEGA', 0, 23, 'BSTR_574_2018-12-31', NULL, NULL, NULL, NULL, '2018-12-31', 0),
(575, 'JESSICA DAILIANA MORENO GESEN', 0, 23, 'BSTR_575_2018-12-31', NULL, NULL, NULL, NULL, '2018-12-31', 0),
(576, 'DULCE MAR?A REYES RIVERA', 0, 23, 'BSTR_576_2018-12-31', NULL, NULL, NULL, NULL, '2018-12-31', 0),
(577, 'GABRIEL ROST??N OCHOA', 0, 23, 'BSTR_577_2018-12-31', NULL, NULL, NULL, NULL, '2018-12-31', 0),
(578, 'MIGUEL I?AKI URRUTIA CASTILLO', 0, 23, 'BSTR_578_2018-12-31', NULL, NULL, NULL, NULL, '2018-12-31', 0),
(579, 'LUIS ENRIQUE RODR?GUEZ DURAN', 0, 25, 'BSTR_579_2018-12-31', NULL, NULL, NULL, NULL, '2018-12-31', 0),
(580, 'VANESSA MICHELLE HICKS VILLEGAS', 0, 24, 'BSTR_580_2018-12-31', NULL, NULL, NULL, NULL, '2018-12-31', 0),
(581, 'DANIEL JAMES HICKS', 0, 29, 'BSTR_581_2018-12-31', NULL, NULL, NULL, NULL, '2018-12-31', 0),
(582, 'PAOLA VALENTINA PADRON CARRILLO', 0, 20, 'BSTR_582_2018-12-31', NULL, NULL, NULL, NULL, '2018-12-31', 0),
(583, 'HERNANDEZ MARRON KEYRA SCARLETTE', 0, 17, 'BSTR_583_2018-12-31', NULL, NULL, NULL, NULL, '2018-12-31', 0),
(584, 'HERRERA GAMBOA TEASHA', 0, 21, 'BSTR_584_2018-12-31', NULL, NULL, NULL, NULL, '2018-12-31', 0),
(585, 'LOPEZ SALVADOR UZIEL', -27, 13, 'BSTR_585_2018-12-31', NULL, NULL, NULL, NULL, '2018-12-31', 0);

-- --------------------------------------------------------

--
-- Estructura de tabla para la tabla `detalle_venta`
--

CREATE TABLE `detalle_venta` (
  `Venta_idVenta` int(11) NOT NULL,
  `Producto_idProducto` int(11) DEFAULT NULL,
  `cantidad` double DEFAULT NULL,
  `subtotal` double DEFAULT NULL
) ENGINE=InnoDB DEFAULT CHARSET=utf8;

-- --------------------------------------------------------

--
-- Estructura de tabla para la tabla `grupo`
--

CREATE TABLE `grupo` (
  `idGrupo` int(11) NOT NULL,
  `nivel` varchar(200) DEFAULT NULL,
  `grado` varchar(45) DEFAULT NULL,
  `grupo` varchar(45) DEFAULT NULL
) ENGINE=InnoDB DEFAULT CHARSET=utf8;

--
-- Volcado de datos para la tabla `grupo`
--

INSERT INTO `grupo` (`idGrupo`, `nivel`, `grado`, `grupo`) VALUES
(1, 'Kinder', '1', 'Green'),
(2, 'Kinder', '1', 'Yellow'),
(3, 'Kinder', '2', 'Yellow'),
(4, 'Nursery', '1', 'Green'),
(5, 'Nursery', '2', 'Yellow'),
(6, 'Nursery', '2', 'Green'),
(7, 'Kinder', '2', 'Green'),
(8, 'Kinder', '3', 'Yellow'),
(9, 'Kinder', '3', 'Green'),
(10, 'Prefirst', '1', 'Prefirst'),
(11, 'Nursery', '1', 'Yellow'),
(12, 'Primaria', '1', 'A'),
(13, 'Primaria', '1', 'B'),
(14, 'Primaria', '2', 'A'),
(15, 'Primaria', '2', 'B'),
(16, 'Primaria', '3', 'A'),
(17, 'Primaria', '3', 'B'),
(18, 'Primaria', '4', 'A'),
(19, 'Primaria', '4', 'B'),
(20, 'Primaria', '5', 'A'),
(21, 'Primaria', '5', 'B'),
(22, 'Primaria', '6', 'A'),
(23, 'Primaria', '6', 'B'),
(24, 'Secundaria', '7', 'A'),
(25, 'Secundaria', '7', 'B'),
(26, 'Secundaria', '8', 'A'),
(27, 'Secundaria', '8', 'B'),
(28, 'Secundaria', '9', 'A'),
(29, 'Secundaria', '9', 'B'),
(30, 'N/A', 'N/A', 'Sin grupo');

-- --------------------------------------------------------

--
-- Estructura de tabla para la tabla `marca`
--

CREATE TABLE `marca` (
  `idMarca` int(11) NOT NULL,
  `nombre` varchar(255) DEFAULT NULL
) ENGINE=InnoDB DEFAULT CHARSET=utf8;

--
-- Volcado de datos para la tabla `marca`
--

INSERT INTO `marca` (`idMarca`, `nombre`) VALUES
(1, 'Members Mark'),
(2, 'Ciel'),
(3, 'Del Valle'),
(4, 'Ades'),
(5, 'Coca Cola'),
(6, 'Alpura'),
(7, 'Bimbo'),
(8, 'El original'),
(9, 'Propia'),
(10, 'Toyitos'),
(11, 'Holanda'),
(12, 'Marinela'),
(13, 'Tía'),
(14, 'Nabisco'),
(15, 'Gamesa'),
(16, 'Barcel'),
(17, 'Sanisimo'),
(18, 'Chef Mart'),
(19, 'Nipon'),
(20, 'Florentino'),
(21, 'Adams'),
(22, 'Alpino'),
(23, 'Diaz/Villita'),
(24, 'Panisimo'),
(25, 'Paris'),
(26, 'Tuni'),
(27, 'Chili Chon');

-- --------------------------------------------------------

--
-- Estructura de tabla para la tabla `producto`
--

CREATE TABLE `producto` (
  `idProducto` int(11) NOT NULL,
  `nombre` varchar(255) DEFAULT NULL,
  `precio` double DEFAULT NULL,
  `detalles` varchar(255) DEFAULT NULL,
  `Categoria_idCategoria` int(11) NOT NULL,
  `Marca_idMarca` int(11) NOT NULL,
  `codigo` varchar(255) DEFAULT NULL
) ENGINE=InnoDB DEFAULT CHARSET=utf8;

--
-- Volcado de datos para la tabla `producto`
--

INSERT INTO `producto` (`idProducto`, `nombre`, `precio`, `detalles`, `Categoria_idCategoria`, `Marca_idMarca`, `codigo`) VALUES
(1, 'Adicional del Dia', 30, 'Variado', 7, 9, 'BSTR_1'),
(2, 'Agua fresa 355', 9, '', 1, 9, 'BSTR_2'),
(3, 'Aguas Naturales ', 10, 'Fruta Natural ', 1, 9, 'BSTR_3'),
(4, 'Arroz con leche ', 15, 'Arroz con leche ', 3, 9, 'BSTR_4'),
(5, 'Baguette', 18, 'Jamon con Queso Choriqueso', 7, 9, 'BSTR_5'),
(6, 'Baguette Pastor', 25, 'Pastor con Queso', 7, 9, 'BSTR_6'),
(7, 'Barritas ', 12, 'Fresa o pin_a', 5, 9, 'BSTR_7'),
(8, 'Bigotes', 12, 'Bigotes', 5, 9, 'BSTR_8'),
(9, 'Bimbunuelos', 13, 'Bimbunuelos', 5, 9, 'BSTR_9'),
(10, 'Botella de Agua 1 Lt Natural', 12, 'Natural', 1, 9, 'BSTR_10'),
(11, 'Botella de Agua 1 Lt. Sabores', 15, 'Varios Sabores', 1, 9, 'BSTR_11'),
(12, 'Botella de Agua 500 ml', 6, 'Natural', 1, 9, 'BSTR_12'),
(13, 'Bran Frut ', 9, 'Fresa o pin_a', 5, 9, 'BSTR_13'),
(14, 'Cacahuate', 7, 'Tostado', 5, 9, 'BSTR_14'),
(15, 'Caf? Colombiano', 13, 'Colombiano ', 1, 9, 'BSTR_15'),
(16, 'Caf? Capuccion', 15, 'Capucchino', 1, 9, 'BSTR_16'),
(17, 'Canelitas', 12, 'Canelitas', 5, 9, 'BSTR_17'),
(18, 'Charola de Fruta ', 18, 'de la temporada ', 7, 9, 'BSTR_18'),
(19, 'Charola de Verdura', 18, 'Zanahoria Jicama Pepino Betabel', 7, 9, 'BSTR_19'),
(20, 'Charola de Verdura con Cacahuate', 25, 'Zanahoria Jicama Pepino Betabel', 7, 9, 'BSTR_20'),
(21, 'Chilichon', 1, 'Sobre', 9, 9, 'BSTR_21'),
(22, 'Choco Crem', 14, 'Chocolate', 5, 9, 'BSTR_22'),
(23, 'Chocorroles', 13, 'Pina', 5, 9, 'BSTR_23'),
(24, 'Cuernito', 20, 'Jamon Queso ', 7, 9, 'BSTR_24'),
(25, 'Demint', 2, 'Variado', 9, 9, 'BSTR_25'),
(26, 'Desayuno Paquete', 28, 'Variado', 7, 9, 'BSTR_26'),
(27, 'Desechable', 1, 'Vaso Cuchara Tenedor', 8, 9, 'BSTR_27'),
(28, 'Donitas espolvoreadas', 13, 'Donitas espolvoreadas', 5, 9, 'BSTR_28'),
(29, 'Empanada', 10, 'Queso  ', 7, 9, 'BSTR_29'),
(30, 'Ensalada de atun', 30, 'Vegetales', 7, 9, 'BSTR_30'),
(31, 'Esquite', 15, 'de Maiz', 5, 9, 'BSTR_31'),
(32, 'Flan', 15, 'De leche ', 3, 9, 'BSTR_32'),
(33, 'Fuze tea saborizado', 15, '', 1, 1, 'BSTR_33'),
(34, 'Galletas de maiz', 2, 'de Maiz', 5, 9, 'BSTR_34'),
(35, 'Galletas marias', 12, 'Marias', 5, 9, 'BSTR_35'),
(36, 'Galletas spong', 14, 'Sponch', 5, 9, 'BSTR_36'),
(37, 'Galletas triki trakes', 13, 'Triki Trakes', 5, 9, 'BSTR_37'),
(38, 'Gelatina ', 15, 'Mozaico', 3, 9, 'BSTR_38'),
(39, 'Helados', 10, 'Varios ', 3, 9, 'BSTR_39'),
(40, 'Hojaldra', 12, 'Jamon Queso', 7, 9, 'BSTR_40'),
(41, 'Hot dog con Papas', 20, 'Alpino Francesa', 7, 9, 'BSTR_41'),
(42, 'Hot dog preparado', 15, 'Jamon Queso', 7, 9, 'BSTR_42'),
(43, 'Hot dog sencillo', 10, 'Aderezos', 7, 9, 'BSTR_43'),
(44, 'Hot Nuts ', 12, 'Variado', 5, 9, 'BSTR_44'),
(45, 'Huevito chico', 15, 'Jamon Salchicha', 7, 9, 'BSTR_45'),
(46, 'Huevito grande', 30, 'Preparados', 7, 9, 'BSTR_46'),
(47, 'Jugo medio litro Naranja', 15, 'Naranja', 1, 9, 'BSTR_47'),
(48, 'Jugo medio litro Verde', 18, 'Verde  Combinado ', 1, 9, 'BSTR_48'),
(49, 'Jugo 250 ml Saborizado', 8, 'Saborizado', 1, 9, 'BSTR_49'),
(50, 'Jugo 355 ml naranja', 8, 'naranja', 1, 9, 'BSTR_50'),
(51, 'Jugo 600 ml Sabores', 13, 'Saborizado', 1, 9, 'BSTR_51'),
(52, 'Jugo de Soya 200 ml naranja', 9, 'Saborizado', 1, 9, 'BSTR_52'),
(53, 'Lechita  gansito', 12, 'Saborizado', 1, 9, 'BSTR_53'),
(54, 'Malanga', 22, 'Varios', 5, 9, 'BSTR_54'),
(55, 'Mantecadas', 13, 'Mantecadas', 5, 9, 'BSTR_55'),
(56, 'Miguelito', 1, 'Sobre', 9, 9, 'BSTR_56'),
(57, 'Mordisco', 15, 'Galleta de chocolate ', 5, 9, 'BSTR_57'),
(58, 'multi grano', 9, '', 5, 9, 'BSTR_58'),
(59, 'Nachos', 15, 'Totopos de Maiz', 5, 9, 'BSTR_59'),
(60, 'Nito', 10, 'Chocolate', 5, 9, 'BSTR_60'),
(61, 'Oreo', 14, 'Oreo', 5, 9, 'BSTR_61'),
(62, 'Paleta bubbaloo', 12, 'Bubbaloo', 4, 9, 'BSTR_62'),
(63, 'paleta kolorix', 7, 'Kolorix', 4, 9, 'BSTR_63'),
(64, 'Paleta pelon', 12, 'Pelon', 4, 9, 'BSTR_64'),
(65, 'Paleta pinta lengua', 7, 'Pinta Lengua', 4, 9, 'BSTR_65'),
(66, 'Paleta solero', 12, 'Solero', 4, 9, 'BSTR_66'),
(67, 'Palomitas Chicas', 6, 'de Maiz', 5, 9, 'BSTR_67'),
(68, 'Palomitas Grandes', 12, 'de Maiz', 5, 9, 'BSTR_68'),
(69, 'Pambazo', 15, 'Frijol Chorizo Queso', 7, 9, 'BSTR_69'),
(70, 'Papas ', 15, 'Francesa', 5, 9, 'BSTR_70'),
(71, 'Picada preparada', 15, 'Preparada', 7, 9, 'BSTR_71'),
(72, 'Picada sencilla', 8, 'Sencilla', 7, 9, 'BSTR_72'),
(73, 'Pizza ', 12, 'Peperoni', 7, 9, 'BSTR_73'),
(74, 'Pizza con Papas', 20, 'Peperoni Francesa', 7, 9, 'BSTR_74'),
(75, 'Platanitos Dulces', 13, 'Dulces', 5, 9, 'BSTR_75'),
(76, 'Platanitos Salados', 13, 'Salados', 5, 9, 'BSTR_76'),
(77, 'Platanos Fritos', 20, 'Crema y Queso', 5, 9, 'BSTR_77'),
(78, 'Polvorones', 12, 'Polvorones', 5, 9, 'BSTR_78'),
(79, 'Powerade saborizado', 17, 'Saborizado  ', 1, 9, 'BSTR_79'),
(80, 'Principe', 10, 'Chocolate, blanco o limon', 5, 9, 'BSTR_80'),
(81, 'Quesadilla', 10, 'Queso de hebra  Manchego', 7, 9, 'BSTR_81'),
(82, 'Rebanadas', 7, 'Rebanadas', 5, 9, 'BSTR_82'),
(83, 'Refresco  bot 355 ml', 11, 'Normal ', 1, 9, 'BSTR_83'),
(84, 'Refresco lata ', 14, ' ', 1, 9, 'BSTR_84'),
(85, 'Salchicha Asada', 7, 'de pavo', 7, 9, 'BSTR_85'),
(86, 'Sandwich', 15, 'Jamon Queso', 7, 9, 'BSTR_86'),
(87, 'Santa Clara', 12, 'Saborizada', 1, 9, 'BSTR_87'),
(88, 'Sincronizada', 18, 'Jamon Queso Choriqueso', 7, 9, 'BSTR_88'),
(89, 'Sincronizada Pastor', 22, 'Pastor con Queso', 7, 9, 'BSTR_89'),
(90, 'Torta ', 18, 'Jamon Queso Choriqueso', 7, 9, 'BSTR_90'),
(91, 'Torta  Pastor', 25, 'Pastor con Queso', 7, 9, 'BSTR_91'),
(92, 'Toyitos  de leche', 12, 'De leche ', 4, 9, 'BSTR_92'),
(93, 'Toyitos de agua', 10, 'De Agua ', 4, 9, 'BSTR_93'),
(94, 'Vaso de Fruta', 15, 'de la Temporada', 7, 9, 'BSTR_94'),
(95, 'Vaso de Verdura ', 10, 'Zanahoria Jicama Pepino Betabel', 7, 9, 'BSTR_95'),
(96, 'Yogurht', 10, 'Saborizado', 1, 9, 'BSTR_96');

-- --------------------------------------------------------

--
-- Estructura de tabla para la tabla `usuario`
--

CREATE TABLE `usuario` (
  `idUsuario` int(11) NOT NULL,
  `nombre` varchar(255) DEFAULT NULL,
  `usuario` varchar(25) DEFAULT NULL,
  `password` varchar(255) DEFAULT NULL
) ENGINE=InnoDB DEFAULT CHARSET=utf8;

--
-- Volcado de datos para la tabla `usuario`
--

INSERT INTO `usuario` (`idUsuario`, `nombre`, `usuario`, `password`) VALUES
(4, 'Abigail', 'abi123', 'abi123'),
(5, 'Bastar', 'bastar123', 'bastar123'),
(6, 'Aarón', 'aaron123', 'aaron123'),
(7, 'Davir', 'david123', 'david123'),
(8, 'Ele', 'l', 'l');

-- --------------------------------------------------------

--
-- Estructura de tabla para la tabla `venta`
--

CREATE TABLE `venta` (
  `idVenta` int(11) NOT NULL,
  `nota` varchar(255) DEFAULT NULL,
  `fechahora` timestamp NULL DEFAULT CURRENT_TIMESTAMP,
  `total` double DEFAULT NULL,
  `Cliente_idCliente` int(11) NOT NULL
) ENGINE=InnoDB DEFAULT CHARSET=utf8;

--
-- Índices para tablas volcadas
--

--
-- Indices de la tabla `categoria`
--
ALTER TABLE `categoria`
  ADD PRIMARY KEY (`idCategoria`);

--
-- Indices de la tabla `cliente`
--
ALTER TABLE `cliente`
  ADD PRIMARY KEY (`idCliente`),
  ADD KEY `fk_Cliente_Grupo1_idx` (`Grupo_idGrupo`);

--
-- Indices de la tabla `detalle_venta`
--
ALTER TABLE `detalle_venta`
  ADD KEY `fk_Venta_has_Producto_Producto1_idx` (`Producto_idProducto`),
  ADD KEY `fk_Venta_has_Producto_Venta1_idx` (`Venta_idVenta`);

--
-- Indices de la tabla `grupo`
--
ALTER TABLE `grupo`
  ADD PRIMARY KEY (`idGrupo`);

--
-- Indices de la tabla `marca`
--
ALTER TABLE `marca`
  ADD PRIMARY KEY (`idMarca`);

--
-- Indices de la tabla `producto`
--
ALTER TABLE `producto`
  ADD PRIMARY KEY (`idProducto`),
  ADD KEY `fk_Producto_Categoria_idx` (`Categoria_idCategoria`),
  ADD KEY `fk_Producto_Marca1_idx` (`Marca_idMarca`);

--
-- Indices de la tabla `usuario`
--
ALTER TABLE `usuario`
  ADD PRIMARY KEY (`idUsuario`);

--
-- Indices de la tabla `venta`
--
ALTER TABLE `venta`
  ADD PRIMARY KEY (`idVenta`),
  ADD KEY `fk_Venta_Cliente1_idx` (`Cliente_idCliente`);

--
-- AUTO_INCREMENT de las tablas volcadas
--

--
-- AUTO_INCREMENT de la tabla `categoria`
--
ALTER TABLE `categoria`
  MODIFY `idCategoria` int(11) NOT NULL AUTO_INCREMENT, AUTO_INCREMENT=10;

--
-- AUTO_INCREMENT de la tabla `cliente`
--
ALTER TABLE `cliente`
  MODIFY `idCliente` int(11) NOT NULL AUTO_INCREMENT, AUTO_INCREMENT=587;

--
-- AUTO_INCREMENT de la tabla `grupo`
--
ALTER TABLE `grupo`
  MODIFY `idGrupo` int(11) NOT NULL AUTO_INCREMENT, AUTO_INCREMENT=31;

--
-- AUTO_INCREMENT de la tabla `marca`
--
ALTER TABLE `marca`
  MODIFY `idMarca` int(11) NOT NULL AUTO_INCREMENT, AUTO_INCREMENT=28;

--
-- AUTO_INCREMENT de la tabla `producto`
--
ALTER TABLE `producto`
  MODIFY `idProducto` int(11) NOT NULL AUTO_INCREMENT, AUTO_INCREMENT=97;

--
-- AUTO_INCREMENT de la tabla `usuario`
--
ALTER TABLE `usuario`
  MODIFY `idUsuario` int(11) NOT NULL AUTO_INCREMENT, AUTO_INCREMENT=9;

--
-- AUTO_INCREMENT de la tabla `venta`
--
ALTER TABLE `venta`
  MODIFY `idVenta` int(11) NOT NULL AUTO_INCREMENT, AUTO_INCREMENT=6;

--
-- Restricciones para tablas volcadas
--

--
-- Filtros para la tabla `cliente`
--
ALTER TABLE `cliente`
  ADD CONSTRAINT `fk_Cliente_Grupo1` FOREIGN KEY (`Grupo_idGrupo`) REFERENCES `grupo` (`idGrupo`) ON DELETE NO ACTION ON UPDATE NO ACTION;

--
-- Filtros para la tabla `detalle_venta`
--
ALTER TABLE `detalle_venta`
  ADD CONSTRAINT `fk_Venta_has_Producto_Producto1` FOREIGN KEY (`Producto_idProducto`) REFERENCES `producto` (`idProducto`) ON DELETE NO ACTION ON UPDATE NO ACTION,
  ADD CONSTRAINT `fk_Venta_has_Producto_Venta1` FOREIGN KEY (`Venta_idVenta`) REFERENCES `venta` (`idVenta`) ON DELETE NO ACTION ON UPDATE NO ACTION;

--
-- Filtros para la tabla `producto`
--
ALTER TABLE `producto`
  ADD CONSTRAINT `fk_Producto_Categoria` FOREIGN KEY (`Categoria_idCategoria`) REFERENCES `categoria` (`idCategoria`) ON DELETE NO ACTION ON UPDATE NO ACTION,
  ADD CONSTRAINT `fk_Producto_Marca1` FOREIGN KEY (`Marca_idMarca`) REFERENCES `marca` (`idMarca`) ON DELETE NO ACTION ON UPDATE NO ACTION;

--
-- Filtros para la tabla `venta`
--
ALTER TABLE `venta`
  ADD CONSTRAINT `fk_Venta_Cliente1` FOREIGN KEY (`Cliente_idCliente`) REFERENCES `cliente` (`idCliente`) ON DELETE NO ACTION ON UPDATE NO ACTION;
COMMIT;

/*!40101 SET CHARACTER_SET_CLIENT=@OLD_CHARACTER_SET_CLIENT */;
/*!40101 SET CHARACTER_SET_RESULTS=@OLD_CHARACTER_SET_RESULTS */;
/*!40101 SET COLLATION_CONNECTION=@OLD_COLLATION_CONNECTION */;
